City_ID,City,Country,Max Temp F¬∞,Weather Description,Lat,Lng,Hotel Name
0,Faya,SA,64.51,clear sky,18.3851,42.4509,ÿßŸÖŸÑÿßŸÉ ÿÆÿßŸÑÿØ ÿßŸÑÿ¥ÿπÿ¥Ÿàÿπ
2,Torbay,CA,62.58,few clouds,47.6666,-52.7314,Gallows Cove
4,Atuona,PF,77.58,light rain,-9.8,-139.0333,Villa Enata
5,Port Alfred,ZA,61.93,clear sky,-33.5906,26.891,The Halyards Hotel
7,East London,ZA,67.32,clear sky,-33.0153,27.9116,Tu Casa
8,Kodiak,US,62.11,overcast clouds,57.79,-152.4072,Best Western Kodiak Inn And Convention Center
9,Sartell,US,75.67,haze,45.6216,-94.2069,AmericInn by Wyndham Sartell
10,Rikitea,PF,70.16,broken clouds,-23.1203,-134.9692,People ThankYou
11,Airai,TL,75.31,overcast clouds,-8.9266,125.4092,Juvinal Martin
12,Santa Cruz De Tenerife,ES,72.21,broken clouds,28.4682,-16.2546,Hotel Silken Atl√°ntida Santa Cruz
14,Tiarei,PF,82.0,few clouds,-17.5333,-149.3333,Le Rocher de Tahiti
18,Mahebourg,MU,68.29,broken clouds,-20.4081,57.7,Shandrani Beachcomber Resort & Spa
19,Cape Canaveral,US,77.25,scattered clouds,28.4058,-80.6048,Residence Inn by Marriott Cape Canaveral Cocoa Beach
20,Mantua,IT,70.84,light rain,45.1667,10.7833,Hotel la Favorita
21,Totness,SR,76.53,few clouds,5.8833,-56.3167,STAATS LOGEERGEBOUW TOTNESS
24,Jamestown,US,61.92,clear sky,42.097,-79.2353,Hampton Inn & Suites Jamestown
25,Hithadhoo,MV,81.82,overcast clouds,-0.6,73.0833,Scoop Guest House
26,Kolda,SN,74.23,light rain,12.8833,-14.95,H√¥tel Hobbe Chasse
28,Saint-Leu,RE,65.26,light rain,-21.15,55.2833,La Caz Oceane
32,Lagoa,PT,71.11,clear sky,39.05,-27.9833,Casa Das Faias
36,Vaini,TO,73.56,scattered clouds,-21.2,-175.2,Keleti Beach Resort
38,Dingle,PH,88.63,overcast clouds,10.9995,122.6711,SEGAYA PROPERTY
40,Atar,MR,89.42,overcast clouds,20.5169,-13.0499,Oumou Elghoura
41,Bengkulu,ID,81.95,overcast clouds,-3.8004,102.2655,Grage Hotel Bengkulu
43,Hirara,JP,86.27,broken clouds,24.8,125.2833,Hotel Atoll Emerald Miyakojima
44,Ponta Do Sol,PT,72.01,few clouds,32.6667,-17.1,Hotel do Campo
47,Sidi Ali,DZ,69.19,clear sky,36.0998,0.4206,ÿßŸÑÿ∫ÿßÿ®ÿ© ÿßŸÑÿ™ÿ±ŸÅŸäŸáŸäÿ© ÿ®Ÿàÿ±ÿ≠ŸÖÿ©
48,Georgetown,MY,85.95,few clouds,5.4112,100.3354,Cititel Penang
50,Honiara,SB,81.34,broken clouds,-9.4333,159.95,Heritage Park Hotel
51,Palmer,US,65.57,broken clouds,42.1584,-72.3287,Wedgewood Motel
52,Bemidji,US,75.29,clear sky,47.4736,-94.8803,Hampton Inn & Suites Bemidji
53,Jacmel,HT,82.24,overcast clouds,18.2342,-72.5347,Historic Hotel Florita
55,Kiamba,PH,88.16,overcast clouds,5.9894,124.6242,Alquiza's Bahay Bakasyunan Tourist Inn (Hotel)
56,Marawi,PH,82.65,broken clouds,7.9986,124.2928,Derogongan Residence
62,Itarema,BR,76.37,broken clouds,-2.9248,-39.9167,"Sea Lounge! Bar, Club & Restaurant"
63,Bambous Virieux,MU,68.25,broken clouds,-20.3428,57.7575,Casa Tia Villa
65,Vostok,RU,74.21,overcast clouds,46.4856,135.8833, 
66,Oistins,BB,80.69,few clouds,13.0667,-59.5333,Butterfly Beach Hotel
67,Arraial Do Cabo,BR,67.6,scattered clouds,-22.9661,-42.0278,Pousada Porto Praia
69,Chifeng,CN,81.41,clear sky,42.2683,118.9636,Junyu Tiancheng Hotel
70,Port-Gentil,GA,75.6,broken clouds,-0.7193,8.7815,Fengshui Residence
75,Byron Bay,AU,67.95,clear sky,-28.65,153.6167,Backpackers Inn on the Beach
76,Butaritari,KI,83.44,broken clouds,3.0707,172.7902,Isles Sunset Lodge
77,Kapaa,US,84.18,broken clouds,22.0752,-159.319,Sheraton Kauai Coconut Beach Resort
78,Yellowknife,CA,63.12,broken clouds,62.456,-114.3525,The Explorer Hotel
79,George Town,MY,85.93,few clouds,5.4112,100.3354,Cititel Penang
80,Vanimo,PG,86.18,few clouds,-2.6741,141.3028,Vahmoneh Lodge Vanimo
81,Rubtsovsk,RU,76.26,overcast clouds,51.5,81.25,–ó–∞–ø—Ä–æ—Å—Ç–æ
82,Saint-Philippe,RE,65.79,light rain,-21.3585,55.7679,"Chambres d'h√¥te ""La Trinit√©"""
84,Pozhva,RU,66.85,broken clouds,59.0912,56.0847, 
86,Baft,IR,72.68,scattered clouds,29.234,56.6057,ÿ®ÿßŸÅÿ™ ÿÆ€åÿßÿ®ÿßŸÜ ÿ∑ÿßŸÑŸÇÿßŸÜ€å ÿ∫ÿ±ÿ®€å ÿ≥ÿßÿÆÿ™ŸÖÿßŸÜ ŸÖÿßÿØÿ±
87,Puerto Ayora,EC,69.06,scattered clouds,-0.7393,-90.3518,Finch Bay Galapagos Hotel
90,Yashkul,RU,82.65,clear sky,46.1711,45.3435,Bon Voyazh
91,Cayenne,GF,81.09,clear sky,4.9333,-52.3333,H√¥tel Le Dronmi
92,Alofi,NU,75.09,broken clouds,-19.0595,-169.9187,Taloa Heights
93,Atambua,ID,84.6,overcast clouds,-9.1061,124.8925,Pastori 1 Jemaat Polycarpus
94,North Bend,US,60.87,overcast clouds,43.4065,-124.2243,Red Lion Hotel Coos Bay
96,Nichinan,JP,87.48,overcast clouds,31.6,131.3667,Guest House Aki
99,Albany,US,64.45,overcast clouds,42.6001,-73.9662, 
104,Euclides Da Cunha,BR,61.09,broken clouds,-10.5075,-39.0158,Hotel e Posto Bastos
105,Abu Dhabi,AE,89.71,clear sky,24.4667,54.3667,Ramee Garden Hotel Apartments
107,Malavalli,IN,73.26,broken clouds,12.3833,77.0833,Siddapaji Temple
108,Chase,CA,84.4,clear sky,50.8165,-119.6857,Chase Country Inn Motel
109,Svetlaya,RU,66.13,light rain,46.5389,138.3297, 
110,Kabinda,CD,65.89,clear sky,-6.1333,24.4833,Village Mianda Mutole
112,Praia Da Vitoria,PT,73.65,few clouds,38.7333,-27.0667,Hotel Branco I
115,Sfantu Gheorghe,RO,65.26,clear sky,45.8667,25.7833,Hotel Park
118,Kidodi,TZ,64.49,scattered clouds,-7.6036,37.0044,Royal Family Lodge
119,Bethel,US,67.5,clear sky,41.3712,-73.414,Courtyard by Marriott Danbury
120,Avarua,CK,77.05,clear sky,-21.2078,-159.775,Paradise Inn
124,Kenai,US,66.02,clear sky,60.5544,-151.2583,Aspen Extended Stay Suites
125,Sambava,MG,67.5,clear sky,-14.2667,50.1667,Melrose
126,Khatanga,RU,76.08,overcast clouds,71.9667,102.5,"Gostinitsa ""Zapolyar'ye"""
127,Pyapon,MM,79.52,overcast clouds,16.2833,95.6833,Aung Naing Thu Motel
128,Tirat Karmel,IL,76.95,clear sky,32.7617,34.9719,Marom Hotel Haifa ◊û◊ú◊ï◊ü ◊û◊®◊ï◊ù
130,Trincomalee,LK,83.44,overcast clouds,8.5711,81.2335,Welcombe Hotel
131,San Cristobal,VE,75.38,overcast clouds,7.7669,-72.225,Posada Villaven C.A.
134,Ambon,ID,75.34,heavy intensity rain,-3.6954,128.1814,Swiss-Belhotel Ambon
136,Hilo,US,78.24,moderate rain,19.7297,-155.09,Hilo Hawaiian Hotel
141,Thompson,CA,78.96,smoke,55.7435,-97.8558,Burntwood Hotel
142,Namatanai,PG,85.08,few clouds,-3.6667,152.4333,Seagulls Inn Namatani
143,Prince Rupert,CA,62.69,overcast clouds,54.3161,-130.3201,Crest Hotel
145,Soyo,AO,71.35,scattered clouds,-6.1349,12.3689,Hotel Mpampa
146,Jinsha,CN,90.0,light rain,32.0898,121.0735,Cosmic Guangdong International Hotel
147,Cabo San Lucas,MX,88.52,scattered clouds,22.8909,-109.9124,Hotel Tesoro Los Cabos
149,Hambantota,LK,82.74,few clouds,6.1241,81.1185,Bungalow 63
151,Truth Or Consequences,US,89.83,clear sky,33.1284,-107.2528,Charles Motel
154,Shemysheyka,RU,64.33,moderate rain,52.892,45.3928, 
155,Peniche,PT,67.62,overcast clouds,39.3558,-9.3811,Hotel Star inn Peniche
159,Prainha,BR,74.62,overcast clouds,-1.8,-53.48,Casa Rocha
160,Kedrovyy,RU,61.21,overcast clouds,56.1667,91.8167, 
161,Minot,US,84.42,smoke,48.2325,-101.2963,Noble Inn
162,Sabang,ID,82.99,overcast clouds,5.8933,95.3214,Hotel Citra
163,Dawson,US,80.02,clear sky,31.7735,-84.4466,Country Hearth Inn & Suites Dawson
164,Moyale,KE,64.22,overcast clouds,3.5167,39.0584,La Tahzan Guest House
165,Orlik,RU,65.08,clear sky,52.5178,99.825,Gostevoy Dom Mini Gostinitsa
166,Daru,PG,80.64,overcast clouds,-9.0763,143.2092,Daru Lodge
167,Pierre,US,80.85,clear sky,44.3683,-100.351,Ramkota Hotel
168,Qandala,SO,87.28,broken clouds,11.472,49.8728, 
170,Buraydah,SA,82.85,clear sky,26.326,43.975,ŸÅŸÜÿØŸÇ ÿ±ÿßÿ≠ÿ© ÿßŸÑÿ≥ŸÑÿßŸÖ
171,Vila Velha,BR,64.35,clear sky,-20.3297,-40.2925,Quality Suites Vila Velha
172,Rabat,MA,71.01,broken clouds,33.9911,-6.8401,H√¥tel Mercure Rabat Sheherazade
173,Praya,CV,77.54,broken clouds,14.9215,-23.5087,LT Aparthotel
174,Aksarka,RU,63.16,clear sky,66.5606,67.7975, 
175,Placido De Castro,BR,71.1,clear sky,-10.3353,-67.1856,Hotel Carioca
177,Nantucket,US,71.71,light rain,41.2835,-70.0995,Jared Coffin House
178,Kyaikkami,MM,80.56,overcast clouds,16.08,97.5675,Happy Family Kyaikkami
179,Chara,RU,63.55,broken clouds,56.9064,118.2631, 
182,Iranshahr,IR,89.94,clear sky,27.2025,60.6848,ŸÜ€å⁄© ÿ≥ÿ±ÿ¥ÿ™
184,Turukhansk,RU,69.01,few clouds,65.8167,87.9833,"–û–û–û ""–¢—É—Ä—É—Ö–∞–Ω—Å–∫–∞—è –ø—É—à–Ω–∏–Ω–∞"""
185,Carnarvon,AU,64.47,clear sky,-24.8667,113.6333,Hospitality Carnarvon
186,Dakar,SN,78.93,scattered clouds,14.6937,-17.4441,Redface Studios Meubl√©s
187,Touros,BR,72.5,overcast clouds,-5.1989,-35.4608,INN NEW HORIZON
189,Fuerte Olimpo,PY,65.57,overcast clouds,-21.0415,-57.8738,Hospedaje DAMI
190,Yuncheng,CN,86.45,light rain,35.0231,110.9928,ÊôãÂ∑ûÂø´Êç∑ÈÖíÂ∫ó
191,Barcelos,PT,67.28,overcast clouds,41.5388,-8.6151,Hotel Do Ter√ßo
193,Nanakuli,US,87.75,few clouds,21.3906,-158.1547,Camp PƒÅlehua
194,Sioux Lookout,CA,79.18,smoke,50.1001,-91.917,Knobby's Fly-In Camps
195,Labuhan,ID,85.08,clear sky,-6.8844,112.2051,PT PPI Lamongan Tambak C
197,Anchorage,US,71.2,broken clouds,61.2181,-149.9003,Hotel Captain Cook
198,Idrinskoye,RU,70.14,scattered clouds,54.3708,92.1358,Domashniy Khostel
199,Moosomin,CA,73.47,overcast clouds,50.1333,-101.6677,Motel 6
202,Beidao,CN,76.5,overcast clouds,34.5686,105.8933,Shell Tianshui Maiji District Erma Road Walking Street Hotel
203,Panama City,PA,80.06,broken clouds,8.9936,-79.5197,Hotel Riande Granada Urban
205,Verkhoyansk,RU,72.23,clear sky,67.5447,133.385, 
208,Victoria,HK,89.96,light rain,22.2855,114.1577,Mini Hotel Central
209,Batagay-Alyta,RU,71.35,clear sky,67.8006,130.4114, 
210,Alta Floresta,BR,70.48,clear sky,-9.8756,-56.0861,Floresta Amazonica Hotel
212,Lompoc,US,71.56,broken clouds,34.6391,-120.4579,"Holiday Inn Express Lompoc, an IHG Hotel"
213,Kramat,ID,85.48,scattered clouds,-8.1311,113.4499,Padepokan HM Arum Sabil
214,Saint-Nazaire,FR,61.07,overcast clouds,47.2833,-2.2,H√¥tel Restaurant le Berry
215,Puerto Del Rosario,ES,71.35,clear sky,28.5004,-13.8627,Hotel JM Puerto del Rosario
216,Staryy Nadym,RU,63.12,overcast clouds,65.6118,72.6842, 
217,Kirakira,SB,80.53,broken clouds,-10.4544,161.9205,SanBiz Lodge
220,Baton Rouge,US,78.93,overcast clouds,30.4508,-91.1545,Hilton Baton Rouge Capitol Center
221,Nishihara,JP,87.08,broken clouds,26.1842,127.7558,Minshuku Agaihama
222,Gondal,IN,86.02,overcast clouds,21.9667,70.8,Orchard Palace
223,Niamey,NE,77.29,clear sky,13.5137,2.1098,Soluxe Hotel Niamey
224,Ilo,PE,62.64,broken clouds,-17.6394,-71.3375,Torreblanca Hotel
228,Cockburn Town,TC,82.4,broken clouds,21.4612,-71.1419,Osprey Beach Hotel
231,Muli,MV,82.22,overcast clouds,2.9167,73.5667,Medhufushi Island Resort
232,Awbari,LY,85.37,clear sky,26.5921,12.7805,ŸÅŸÜÿØŸÇ ÿ£Ÿàÿ®ÿßÿ±Ÿä
233,Casa Nova,BR,72.37,scattered clouds,-9.4167,-41.1333,Pousada e Restaurante Dona Xinha
234,Arman,RU,62.11,few clouds,59.7,150.1667, 
236,Novyy Urengoy,RU,62.37,overcast clouds,66.0833,76.6333,Apartments Moy Dom na Gubkina
237,Namibe,AO,65.43,clear sky,-15.1961,12.1522,Hotel Chik Chik Namibe
239,Ulaangom,MN,72.86,clear sky,49.9811,92.0667,Achit Nuur Hotel & Restaurant
240,Lima,PE,61.05,overcast clouds,-12.0432,-77.0282,Gran Hotel Bolivar Lima
241,Susangerd,IR,87.82,few clouds,31.5608,48.1831,ÿØŸÅÿ™ÿ± ÿÆÿØŸÖÿßÿ™ ŸáŸàÿß€å€å Ÿàÿ¨ŸáÿßŸÜ⁄Øÿ±ÿØ€å ŸÜÿ≥€åŸÖ ⁄Øÿ≥ÿ™ÿ± ÿØÿ¥ÿ™ ÿ¢ÿ≤ÿßÿØ⁄ØÿßŸÜ
243,Los Llanos De Aridane,ES,67.75,broken clouds,28.6585,-17.9182,Valle Aridane
244,Pacific Grove,US,71.58,scattered clouds,36.6177,-121.9166,Lovers Point Inn
245,Port Keats,AU,88.77,scattered clouds,-14.25,129.55,TDC Village (Hundred Man Camp)
246,Westwood,US,69.6,clear sky,42.214,-71.2245,Holiday Inn Boston-Dedham Htl & Conf Ctr
247,Staraya Poltavka,RU,75.15,overcast clouds,50.4772,46.4814,"Hotel ""Oktyabrskaya"""
248,Isangel,VU,77.11,haze,-19.55,169.2667,Tanna Lodge
249,The Valley,AI,82.26,clear sky,18.217,-63.0578,CeBlue Villas & Beach Resort
250,Naze,JP,85.12,overcast clouds,28.3667,129.4833,Amami Port Tower Hotel
251,Sola,VU,77.63,broken clouds,-13.8833,167.55,Leumerus Bungalows
252,Ozinki,RU,82.35,broken clouds,51.1786,49.6769,Korolevskiy Dvor
253,Brewster,US,67.75,clear sky,41.3973,-73.6171,Heidi's Inn
254,Yilan,TW,87.91,overcast clouds,24.757,121.753,Dar Chen Hotel
255,Providencia,MX,87.85,clear sky,28.7167,-111.5833, 
257,Cairns,AU,86.07,scattered clouds,-16.9167,145.7667,Mantra Trilogy Cairns
258,Zaraza,VE,70.16,overcast clouds,9.3503,-65.3245,Hotel Zaraza
259,Khandbari,NP,74.77,overcast clouds,27.3747,87.2039,Sainik Hotel And Lodge
261,Neiafu,TO,77.68,scattered clouds,-18.65,-173.9833,Mystic Sands Beachfront Accommodation
263,Amontada,BR,75.49,broken clouds,-3.3617,-39.8317,Casa do Ot√°vio
264,Tanout,NE,84.9,clear sky,14.9709,8.8879, 
266,Haines Junction,CA,69.75,broken clouds,60.7522,-137.5108,Parkside Inn
267,San Patricio,US,84.85,broken clouds,28.017,-97.5169,"Motel 6 Sinton, TX"
269,Les Cayes,HT,77.4,overcast clouds,18.2,-73.75,Villa Orphee
271,Kununurra,AU,82.38,overcast clouds,-15.7667,128.7333,Hotel Kununurra
273,Lata,PT,66.04,overcast clouds,40.1629,-8.3327,Casa Maquia
276,Akyab,MM,78.98,overcast clouds,20.15,92.9,Hotel Memory
278,Nhulunbuy,AU,84.81,scattered clouds,-12.2333,136.7667,East Arnhem Real Estate
279,Taseyevo,RU,71.33,light rain,57.2169,94.8978,Gloriaca Homestay
281,Kropotkin,RU,73.04,scattered clouds,45.4375,40.5756,Hotel Europe Kropotkin
282,Nelson Bay,AU,60.85,clear sky,-32.7167,152.15,Mantra Nelson Bay
283,Vaitape,PF,79.39,clear sky,-16.5167,-151.75,Conrad Bora Bora Nui
284,Faanui,PF,79.39,clear sky,-16.4833,-151.75,Bora-Bora Pearl Beach Resort & Spa
287,Ketchikan,US,61.27,light rain,55.3422,-131.6461,Snows Cove Lodge
288,Mitsamiouli,KM,75.04,clear sky,-11.3847,43.2844,Foyer ADM
293,Mao,ES,70.36,clear sky,39.8885,4.2658,ARTIEM Capri
296,Tabuk,PH,85.17,overcast clouds,17.4189,121.4443,Golden Berries Hotel and Convention
297,Vao,NC,68.97,clear sky,-22.6667,167.4833,Hotel Kou-Bugny
298,Richards Bay,ZA,62.47,clear sky,-28.783,32.0377,BON Hotel Waterfront Richards Bay
299,Amio,PH,84.94,overcast clouds,9.3571,122.9413, 
301,Komsomolskiy,UZ,81.32,clear sky,40.4272,71.7189,Ikathouse
302,Hobyo,SO,77.05,broken clouds,5.3505,48.5268,Halane Hotel and Restaurent
303,Kuliyapitiya,LK,82.08,overcast clouds,7.4688,80.0401,Rest House
304,Mrakovo,RU,77.67,few clouds,52.7161,56.6244,Putnik
306,Edd,ER,89.83,overcast clouds,13.9297,41.6925, 
308,Chicama,PE,66.83,clear sky,-7.8447,-79.1469,Balihai Bungalows
311,Ust-Tsilma,RU,65.82,overcast clouds,65.441,52.1498,U Praskov'i
312,San Policarpo,PH,88.32,overcast clouds,12.1791,125.5072,JM Lodge
319,Jiuquan,CN,81.91,overcast clouds,39.7432,98.5174,Jiuquan Hotel
320,Mastic Beach,US,70.05,clear sky,40.7668,-72.8521,Brushwood House by Smith Point Beach
321,Monrovia,LR,74.97,few clouds,6.3005,-10.7969,Sunset Inn
322,Nemuro,JP,77.43,overcast clouds,43.3236,145.575,Hotel Nemuro Kaiyoutei
323,Villeneuve-Sur-Lot,FR,60.73,light rain,44.5,0.6667,Le Domaine De Beunes
324,Hun,LY,82.71,clear sky,29.1268,15.9477,Alrwasi Hotel
325,Gat,IL,87.4,clear sky,31.61,34.7642,OlusHome
326,Jacksonville,US,77.22,mist,30.3322,-81.6556,Hyatt Regency Jacksonville Riverfront
327,Strezhevoy,RU,62.58,broken clouds,60.7333,77.5889,Sibiryachka
331,Acapulco,MX,85.82,overcast clouds,16.8634,-99.8901,HS Hotsson Smart Acapulco
332,Udachnyy,RU,75.51,few clouds,66.4167,112.4,Severnoye Siyaniye
333,Ravar,IR,84.02,overcast clouds,31.2656,56.8055,⁄©ÿßŸÅ€å ŸÜÿ™ Ÿà ⁄©ÿßŸÖŸæ€åŸàÿ™ÿ±Ÿæÿ±ÿ¥€åŸÜ ÿ≥€åÿ≥ÿ™ŸÖ
334,Muros,ES,67.98,overcast clouds,42.7762,-9.0603,Apartment Av. Castelao
336,Szendro,HU,61.79,overcast clouds,48.4,20.7333,V√°r-lak Vend√©gh√°z
337,Chernyshevskiy,RU,75.06,scattered clouds,63.0128,112.4714,Chernyseyskiy
338,Samarai,PG,78.85,scattered clouds,-10.6167,150.6667,Nuli Sapi
339,Tahoua,NE,82.81,few clouds,14.8888,5.2692,Bungalows Guesthouse
340,Bakchar,RU,64.76,broken clouds,57.0186,82.0711,Kristina
341,Erenhot,CN,72.99,clear sky,43.6475,111.9767,Erenhot Rurouni Youth Hostel
342,Zabid,YE,87.51,broken clouds,14.1951,43.3152,ÿØÿßÿ± ÿßŸÑÿ∂ŸäÿßŸÅÿ©
343,Vila Franca Do Campo,PT,72.01,scattered clouds,37.7167,-25.4333,Pestana Bahia Praia
344,Hamilton,US,70.99,few clouds,39.1834,-84.5333,Six Acres Bed & Breakfast
345,Peace River,CA,86.31,few clouds,56.2501,-117.286,BCMInns - Peace River
347,College,US,87.78,broken clouds,64.8569,-147.8028,Pike's Waterfront Lodge
348,Betanzos,ES,68.9,mist,43.2804,-8.2147,Hotel Garelos Betanzos
350,Salalah,OM,77.09,mist,17.0151,54.0924,HAMDAN PLAZA HOTEL SALALAH
351,Bana,CM,60.76,light rain,5.1481,10.2762,H√¥tel La Vall√©e de Bana
354,Ust-Nera,RU,64.4,clear sky,64.5667,143.2,Hotel Ust-Nera
355,Filadelfia,US,71.49,overcast clouds,39.9523,-75.1638,"The Ritz-Carlton, Philadelphia"
356,Saskylakh,RU,67.59,scattered clouds,71.9167,114.0833, 
357,Sept-Iles,CA,60.26,clear sky,50.2001,-66.3821,Comfort Inn
358,La Asuncion,VE,78.53,scattered clouds,11.0333,-63.8628,Colinas de Matasiete
359,Broome,US,62.02,few clouds,42.2506,-75.833,Chenango Valley State Park
361,Talnakh,RU,74.61,clear sky,69.4865,88.3972,Talnakh Hotel
362,Port Macquarie,AU,63.9,clear sky,-31.4333,152.9167,Rydges Port Macquarie
363,Varkkallai,IN,82.18,overcast clouds,8.7341,76.7067,SPOT ON 72723 Pathanjali Ayurveda Yoga Centre( Dreams Beach Resort)
364,Catio,GW,76.8,light rain,11.2833,-15.25,Pausada Morabedja
365,Port Hardy,CA,73.58,broken clouds,50.6996,-127.4199,Airport Inn
366,Tautira,PF,82.0,scattered clouds,-17.7333,-149.15,Pension Oaoa
367,Zuenoula,CI,70.61,broken clouds,7.4292,-6.0431,Hotel Prestige Zla
368,Poum,NC,73.2,clear sky,-20.2333,164.0167,G√Æte kajeon
369,Kavieng,PG,84.0,light rain,-2.5744,150.7967,Nusa Island Retreat
370,Kazachinskoye,RU,73.15,scattered clouds,57.6953,93.2761,"Gostinitsa ""Tk Telemaks"""
371,Petropavlovsk-Kamchatskiy,RU,66.79,few clouds,53.0452,158.6483,The Hotel Petropavlovsky
372,Korla,CN,86.54,scattered clouds,41.7597,86.1469,Gulisitan Hotel
375,Jatiroto,ID,83.48,scattered clouds,-7.8833,111.1167,Mushola Al Huda
376,Santo Antonio Do Ica,BR,72.09,clear sky,-3.1022,-67.9397,HOTEL AMAZON WAY
377,Inuvik,CA,65.26,few clouds,68.3499,-133.7218,Nova Inn Inuvik
378,Saint-Georges,GD,80.28,few clouds,12.0564,-61.7485,Radisson Grenada Beach Resort
379,Sangar,RU,74.43,clear sky,63.9242,127.4739, 
380,Teya,RU,65.53,overcast clouds,60.3778,92.6267, 
381,Kaeo,NZ,62.33,overcast clouds,-35.1,173.7833,Bushido Lodge
383,Badvel,IN,85.53,overcast clouds,14.75,79.05,Venkatalakshuma five star tiffin centre
385,Sinjai,ID,83.97,overcast clouds,-5.1241,120.253,Wisma Sandika
386,Cumana,VE,78.89,broken clouds,10.4635,-64.1775,Posada Acuarela Los Roques
387,Oktyabrskoye,RU,69.57,clear sky,43.0645,44.7417,Prolesok Mini-hotel
388,Turbo,CO,77.02,overcast clouds,8.0937,-76.7269,Hotel Plaza Manfortt
389,Charcas,MX,64.98,broken clouds,23.1333,-101.1167,Hotel El Malacate
391,Metairie,US,78.85,clear sky,29.9841,-90.1528,La Quinta Inn by Wyndham New Orleans Causeway
392,Marsh Harbour,BS,83.16,overcast clouds,26.5412,-77.0636,Abaco Beach Resort
394,Acarau,BR,77.32,broken clouds,-2.8856,-40.12,castelo pizzaria
395,Duldurga,RU,68.18,heavy intensity rain,50.6761,113.5931,Golden Dragon
396,Maxixe,MZ,60.85,clear sky,-23.8597,35.3472,Oceano
398,Wardha,IN,77.32,overcast clouds,20.75,78.6167,Hotel Ramakrishna
399,Kapit,MY,88.63,overcast clouds,2.0167,112.9333,Hotel Meligai Kapit
400,Almaznyy,RU,62.74,overcast clouds,48.0448,40.045, 
401,Yaan,NG,72.0,overcast clouds,7.3833,8.5667, 
402,Masallatah,LY,80.42,clear sky,32.6167,14.0,Mustafa Taher Sowaidan
403,Isiolo,KE,63.21,scattered clouds,0.3546,37.5822,Gaddisa Hotel
405,Energeticheskiy,KZ,79.36,broken clouds,43.4278,77.0222,–ë–∞–Ω—è Land
406,Kupang,ID,88.38,few clouds,-10.1667,123.5833,Hotel On The Rock by Prasanthi
407,Adrar,MR,87.04,clear sky,20.5022,-10.0711, 
408,Belmonte,BR,66.7,clear sky,-15.8631,-38.8828,Pousada Monte Carmelo O P√£o
409,Camopi,GF,71.51,broken clouds,3.1655,-52.3158, 
410,Iralaya,HN,80.71,overcast clouds,15.0,-83.2333,Iglesia morava renovada
412,Bud,US,67.95,scattered clouds,39.447,-86.1758,Ted McQuinn Trust
413,Wichita Falls,US,81.16,clear sky,33.9137,-98.4934,Quality Inn & Suites Wichita Falls I-44
414,San Fernando,PH,87.82,overcast clouds,15.0286,120.6898,Maharlika Hostel
415,Xuanhua,CN,79.0,few clouds,40.6103,115.0447,Jinjiang Inn Zhangjiakou Xuanhua People's Park
416,Katsuura,JP,89.71,clear sky,35.1333,140.3,Katsuura Hotel Mikazuki
417,Saint-Joseph,RE,64.78,light rain,-21.3667,55.6167,"""Plantation Bed and Breakfast"
418,Troitskoye,RU,67.55,light rain,52.9821,84.6757, 
419,Fasa,IR,74.44,scattered clouds,28.9383,53.6482,Fasa University Boys' Dormitory
420,Pisco,PE,62.65,overcast clouds,-13.7,-76.2167,Hotel San Isidro Oficial
421,Quatre Cocos,MU,68.11,few clouds,-20.2078,57.7625,Sunrise Attitude Hotel
423,Portland,US,88.45,smoke,45.5234,-122.6762,Embassy Suites by Hilton Portland Downtown
424,Leh,IN,63.5,scattered clouds,34.1667,77.5833,Hotel Ladakh Greens
428,Grande Prairie,CA,82.58,smoke,55.1667,-118.8027,"Holiday Inn Express Grande Prairie, an IHG Hotel"
429,Aklavik,CA,65.23,clear sky,68.2191,-135.0107,Aklavik Inn
432,Ngunguru,NZ,62.17,broken clouds,-35.6167,174.5,Pacific Rendezvous Motel Resort
433,Blairmore,CA,79.72,few clouds,49.6,-114.4353,Highwood Motel
434,Xingyi,CN,75.36,clear sky,24.1877,102.817, 
435,Malazgirt,TR,64.85,clear sky,39.1427,42.5401,malazgirt otel
436,Mandera,KE,74.88,overcast clouds,3.9366,41.867,Kornesh Hotel and Lodging
439,Mangrol,IN,81.57,overcast clouds,21.1167,70.1167,Hotel The Royal Honours
441,Sitka,US,64.29,light rain,57.0531,-135.33,Westmark Sitka
442,Grand Forks,US,78.73,smoke,47.9417,-97.4337,Warrior Inn
443,Nome,US,74.1,clear sky,64.5011,-165.4064,Dredge 7 Inn
445,Yumen,CN,82.17,broken clouds,40.2833,97.2, 
446,Souillac,MU,68.38,broken clouds,-20.5167,57.5167,Shanti Maurice Resort & Spa
447,Menzelinsk,RU,70.84,broken clouds,55.7271,53.1026,Odzun
448,Pasighat,IN,85.96,broken clouds,28.0667,95.3333,Siang Guest House
449,Meulaboh,ID,81.55,overcast clouds,4.1363,96.1285,Kost Pria
450,Port Hedland,AU,75.25,scattered clouds,-20.3167,118.5667,The Esplanade Hotel
452,Sovetskoye,RU,67.69,overcast clouds,52.2861,85.4131,"Gostinitsa ""Berozka"""
453,Chalus,IR,72.86,scattered clouds,36.655,51.4204,ŸÜÿ∏ÿßŸÖ ŸÖŸáŸÜÿØÿ≥Ÿä ÿ≥ÿßÿÆÿ™ŸÖÿßŸÜ ⁄ÜÿßŸÑŸàÿ≥
454,Ratnagiri,IN,80.4,overcast clouds,16.9833,73.3,Hotel Landmark
455,Bam,IR,89.29,broken clouds,29.106,58.357,Bam Tourist Hotel
456,Muhororo,UG,61.38,overcast clouds,0.9381,30.7594,Muhorro Executive Hotel
457,Kaseda,JP,87.03,broken clouds,31.4167,130.3167,Sun Stay Kaseda
458,Kumluca,TR,88.68,clear sky,36.3703,30.2869,TurkuazK√∂y
459,Paita,PE,65.46,broken clouds,-5.0892,-81.1144,Hotel N√°utico de Paita
460,Morgan City,US,78.8,clear sky,29.6994,-91.2068,Hampton Inn & Suites Morgan City
462,Staryy Krym,UA,69.39,broken clouds,45.0333,35.1,Gostevoy Dom
463,Ambilobe,MG,69.91,overcast clouds,-13.2,49.05,H√¥tel & Restaurant DIANA Ambilobe
465,Kanigoro,ID,85.62,few clouds,-8.13,112.219,Musafer Villa ( Villa Erlin )
466,Ribeira Grande,PT,72.01,clear sky,38.5167,-28.7,Quinta da Meia Eira
468,Talagang,PK,78.64,moderate rain,32.9297,72.4158,Sajid Iqbal Manzil
469,Kenora,CA,77.97,smoke,49.8167,-94.4337,Maynard Lake Lodge
471,Mutis,CO,77.81,overcast clouds,6.2262,-77.4044,Paraiso Escondido
473,Yeppoon,AU,71.38,scattered clouds,-23.1333,150.7333,Villa Mar Colina
474,Aykhal,RU,73.13,broken clouds,66.0,111.5, 
475,Anzio,IT,76.32,clear sky,41.4853,12.6179,Beauty Hotel & SPA
476,Show Low,US,82.11,clear sky,34.2542,-110.0298,Hampton Inn & Suites Show Low-Pinetop
477,Padang,ID,83.05,light rain,-0.9492,100.3543,Mercure Padang
478,Hualmay,PE,64.02,clear sky,-11.0964,-77.6139,Hotel Villa Kitzia Huacho
479,Klyuchi,RU,74.82,scattered clouds,52.2667,79.1667,Vesolaya Mayovka
480,Manggar,ID,85.42,broken clouds,-2.8833,108.2667,Guest Hotel
481,Parabel,RU,62.58,overcast clouds,58.6978,81.4825,Housing Complex Gazprom Transgaz Tomsk
482,Bathsheba,BB,81.21,few clouds,13.2167,-59.5167,Atlantis Hotel
483,Mount Isa,AU,64.17,few clouds,-20.7333,139.5,ibis Styles Mt Isa Verona
484,Arak,IR,73.08,broken clouds,34.0917,49.6892,ÿÆÿßŸÜŸá ÿ≥ÿßÿ≤ŸÖÿßŸÜŸáÿß€å ÿ∫€åÿ± ÿØŸàŸÑÿ™€å ÿßÿ≥ÿ™ÿßŸÜ ŸÖÿ±⁄©ÿ≤€å
485,Constantine,DZ,72.81,clear sky,36.365,6.6147,Grand Hotel Cirta
486,Jieshi,CN,86.95,light rain,22.8134,115.8257,Yuehai Hotel
487,Trinidad,BO,68.88,overcast clouds,-14.8333,-64.9,Hotel Piesta
489,Half Moon Bay,US,76.91,few clouds,37.4636,-122.4286,"The Ritz-Carlton, Half Moon Bay"
490,Odweyne,SO,70.21,scattered clouds,9.4092,45.064,Eng Hiirey House
491,Garowe,SO,75.7,clear sky,8.4054,48.4845,Curubo Hotel
492,Belaya Gora,RU,62.28,few clouds,68.5333,146.4167, 
493,Itacarambi,BR,66.69,broken clouds,-15.1022,-44.0919,POUSADA CAMALE√ÉO
494,Usinsk,RU,62.94,overcast clouds,65.9939,57.5281,Dobro Pozhalovaty
495,Fomboni,KM,75.34,clear sky,-12.28,43.7425,Auberge les abou
496,Mazagao,BR,78.85,overcast clouds,-0.115,-51.2894,Recanto dos Ferreiras
498,Raga,SS,66.52,overcast clouds,8.4596,25.678, 
499,Omboue,GA,75.16,broken clouds,-1.5746,9.2618,Hotel Olako
501,Espanola,US,68.74,broken clouds,35.9911,-106.0806,Santa Claran Hotel
502,Ende,ID,85.82,overcast clouds,-8.8432,121.6623,Dwi Putra Hotel - Ende
503,Mogocha,RU,63.07,light rain,53.7333,119.7667,Yalta Inn
504,Baghdad,IQ,89.51,clear sky,33.3406,44.4009,Baghdad Hotel
505,Smithville,US,72.21,few clouds,39.3869,-94.5811,Crows Creek Campground
506,Handan,CN,87.91,light rain,36.6006,114.4678,Jin Jiang Inn - Handan China South Street Inn
509,Havelock,US,71.58,overcast clouds,34.8791,-76.9013,Sherwood Motel
510,Grand Gaube,MU,68.4,clear sky,-20.0064,57.6608,Veranda Paul et Virginie Hotel & Spa
512,Noumea,NC,76.98,clear sky,-22.2763,166.4572,H√¥tel Le Lagon
513,Caravelas,BR,68.14,broken clouds,-17.7125,-39.2481,Pousada dos Navegantes
515,Taitung,TW,84.47,broken clouds,22.7583,121.1444,Taitung Bali Suites Hotel
516,Jawhar,SO,72.48,overcast clouds,2.7809,45.5005,hantiwadaag village part one
517,Smithers,CA,75.52,broken clouds,54.7804,-127.1743,"Prestige Hudson Bay Lodge, Premier Collection"
518,Kidal,ML,85.33,broken clouds,18.4411,1.4078, 
520,Posse,BR,64.54,clear sky,-14.0931,-46.3694,Pousada das Palmeiras
522,Lampazos De Naranjo,MX,83.77,moderate rain,27.0167,-100.5167,Bella Vista
523,Mareeba,AU,81.45,clear sky,-17.0,145.4333,Trinity Plains Tourist Park
525,Qingdao,CN,87.4,light rain,36.0986,120.3719,‰∏úÊôñÂõΩÈôÖÂ§ßÈÖíÂ∫óÈ§êÂéÖ
527,Melnikovo,RU,67.93,overcast clouds,56.5558,84.085,–®–µ–≥–∞—Ä–∫–∞
528,Laje,BR,63.36,scattered clouds,-10.1833,-40.9667,NN Pousada
531,Zhigansk,RU,71.87,clear sky,66.7697,123.3711,Gostinichnyy Kompleks Aylgy
532,Mecca,SA,85.05,broken clouds,21.4267,39.8261,"Makkah Clock Royal Tower, A Fairmont Hotel"
534,Salinopolis,BR,78.37,broken clouds,-0.6136,-47.3561,Salinas Park Resort Ma√ßarico AP101
536,Hami,CN,88.83,broken clouds,42.8,93.45,Laoyutang Resort
537,Baykit,RU,76.1,overcast clouds,61.67,96.37, 
538,Khromtau,KZ,81.75,scattered clouds,50.2503,58.4347,–ü—Ä–∏–¥–æ—Ä–æ–∂–Ω—ã–π —Å–µ—Ä–≤–∏—Å –ö–µ“£ –î–∞–ª–∞
539,Marathon,US,69.8,haze,44.9,-89.7668, 
541,Bubaque,GW,79.38,moderate rain,11.2833,-15.8333,"Casa Dora, Bubaque"
543,Fenoarivo Atsinanana,MG,65.05,light rain,-17.3667,49.4167,L'Oasis Lodge
544,Nekhayevskiy,RU,67.21,scattered clouds,50.4106,41.7561,Gostevoy Dom St. Nekhayevskaya Zhil'yo Posutochno
545,Milkovo,RU,60.31,broken clouds,54.7167,158.6167,"Hotel ""Geologist"""
546,Iwanai,JP,80.02,overcast clouds,42.9744,140.5089,„ÅÑ„Çè„Å™„ÅÑÈ´òÂéü„Éõ„ÉÜ„É´
547,Rodrigues Alves,BR,69.35,clear sky,-7.738,-72.6509,Pousada Aconchego
548,Tiznit,MA,63.81,broken clouds,29.5833,-9.5, 
550,Abha,SA,64.22,clear sky,18.2164,42.5053,Abha Hotel
551,Sao Filipe,CV,76.17,overcast clouds,14.8961,-24.4956,Hotel Xaguate
552,Williams Lake,CA,89.17,broken clouds,52.1415,-122.1445,Stampeder Motel
553,Kousseri,CM,80.56,clear sky,12.0769,15.0306,Le Pilotis
555,Pamanukan,ID,87.75,few clouds,-6.2842,107.8106,Paris Day Hotel Pamanukan
556,Kalmunai,LK,84.65,overcast clouds,7.4167,81.8167,VS Villa
557,Labuan,MY,89.76,few clouds,5.2767,115.2417,Tiara Labuan Hotel
558,Vilhena,BR,68.18,broken clouds,-12.7406,-60.1458,Hotel Mirage
559,Xam Nua,LA,84.65,few clouds,20.4197,104.0439,Xee Wang Guesthouse
560,Warwick,US,69.3,clear sky,41.7001,-71.4162,Hampton Inn & Suites Providence/Warwick-Airport
561,Morondava,MG,66.27,clear sky,-20.2833,44.2833,La Case Bambou
562,Guerrero Negro,MX,74.03,clear sky,27.9769,-114.0611,"Casa Laguna, Bed & Breakfast"
563,Husyatyn,UA,61.79,scattered clouds,49.0726,26.2141,Hotel π Zbruch
564,Bouloupari,NC,76.91,clear sky,-21.8667,166.05,Oua-Ya Lodge
565,Jacareacanga,BR,76.28,scattered clouds,-6.2222,-57.7528,Casa do Ianüòé
566,Tessalit,ML,86.09,clear sky,20.1986,1.0114, 
567,Port Blair,IN,82.44,mist,11.6667,92.75,"Welcomhotel By ITC Hotels, Bay Island, Port Blair"
568,Flin Flon,CA,71.08,overcast clouds,54.7682,-101.865,Victoria Inn Flin Flon
569,Khandyga,RU,77.34,clear sky,62.6667,135.6,Apel'sin
570,Avera,US,75.25,scattered clouds,33.194,-82.5271, 
572,Yamada,JP,85.77,overcast clouds,39.4667,141.95,Iroha-ya Inn
573,Yinchuan,CN,86.59,overcast clouds,38.4681,106.2731,JJ Inns - Yinchuan New Moon Square Branch
574,Sayyan,YE,61.32,few clouds,15.1718,44.3244,ŸÖÿ™ŸÜÿ≤Ÿá Ÿà ÿ®ÿ≠Ÿäÿ±ÿ© ÿ≥ŸäÿßŸÜ
575,Banda Aceh,ID,85.32,overcast clouds,5.5577,95.3222,Sulthan Hotel International
580,Lorengau,PG,83.86,scattered clouds,-2.0226,147.2712,Lorengau Harbourside Hotel
582,Nabire,ID,78.01,overcast clouds,-3.3667,135.4833,Hotel Nusantara Nabire
583,La Mana,EC,77.9,overcast clouds,-0.9333,-79.2167,Hotel Somagg
584,Iskateley,RU,66.02,overcast clouds,67.6803,53.1512,Hostel Agat
585,Basco,PH,82.83,moderate rain,20.4487,121.9702,Nathaniel's Lodge
586,Mulki,IN,78.08,mist,13.1,74.8,Karnire Camping Ground
587,Fondi,IT,75.96,scattered clouds,41.3541,13.4313,Bed & Breakfast Mbl√≤
590,Cervo,ES,68.2,overcast clouds,43.6702,-7.4101,Hotel Spa Galatea
591,Tura,IN,79.47,overcast clouds,25.5198,90.2201,Hotel RIKMAN Continental
593,Bestobe,KZ,69.78,clear sky,52.4994,73.0975, 
594,Karratha,AU,73.92,clear sky,-20.7377,116.8463,ibis Styles Karratha
595,Auki,SB,81.41,broken clouds,-8.7676,160.7034,Auki Motel
597,Saint-Michel-Des-Saints,CA,62.94,scattered clouds,46.6834,-73.9159,Motel Du Mont trinity
598,Champerico,GT,81.36,overcast clouds,14.3,-91.9167,"Hotel y restaurante ""El Diamante"""
601,Camana,PE,64.49,overcast clouds,-16.6228,-72.7111,Hostal Morales
602,Dwarka,IN,81.97,overcast clouds,22.2394,68.9678,Hotel Narayan Avezika Comfort
603,Asosa,ET,61.38,overcast clouds,10.0667,34.5333,Blendana Hotel Assosa
604,Vrangel,RU,75.47,broken clouds,42.7297,133.0839,"–û—Ç–µ–ª—å ""–ë–ê–õ–ò"""
605,West Bay,KY,84.0,few clouds,19.3667,-81.4167,Calypso Cove
606,Sergeyevka,KZ,70.92,clear sky,53.88,67.4158,Amina
607,Arona,ES,65.32,few clouds,28.0996,-16.681,Paradise Court
608,Kahului,US,82.42,scattered clouds,20.8947,-156.47,Maui Seaside Hotel
610,Santa Barbara,US,70.45,clear sky,34.7333,-120.0343,Upper Ballard Campground
611,Cururupu,BR,72.09,scattered clouds,-1.8283,-44.8683,POUSADA TRAV√âS'CIA
612,Cabedelo,BR,74.07,few clouds,-6.9811,-34.8339,Hotel Pigalle
613,Ciudad Bolivar,VE,74.93,overcast clouds,8.1222,-63.5497,Hotel Edi
617,Hakodate,JP,79.11,light rain,41.7758,140.7367,Four Points by Sheraton Hakodate
618,Tunceli,TR,76.06,clear sky,39.1083,39.5471,Grand Hotel ≈ûaroƒülu
620,Olmos,PE,60.91,scattered clouds,-5.9847,-79.7453,Hospedaje El Olmo
621,Paka,MY,82.33,few clouds,4.6374,103.4368,RUMBIA RESORT VILLA
623,Sibolga,ID,84.16,overcast clouds,1.7427,98.7792,Hotel Syariah CN Darussalam
624,Sulangan,PH,85.12,overcast clouds,11.1373,123.7228,Maia's Beach Resort
625,Sayville,US,71.78,overcast clouds,40.7359,-73.0821,La Quinta Inn & Suites by Wyndham Islip - MacArthur Airport
626,Tazmalt,DZ,73.33,scattered clouds,36.3868,4.3989,H√¥tel Num√©dia
627,Balkhash,KZ,77.61,clear sky,46.844,74.9804,Family
630,Virginia Beach,US,73.45,light rain,36.8529,-75.978,Hilton Virginia Beach Oceanfront
631,Misrikh,IN,83.79,few clouds,27.45,80.5167,‡§Æ‡•å‡§∞‡•ç‡§Ø‡§æ ‡§π‡•ã‡§Æ
632,Agirish,RU,68.22,broken clouds,61.9247,63.0231, 
634,Taft,IR,76.95,scattered clouds,31.7471,54.2088,ÿ®ŸàŸÖ ⁄Øÿ±ÿØ€å ÿ≠ÿßÿ¨€å ÿ≤€åŸÜŸÑ ÿ™ŸÅÿ™
635,Loganville,US,72.68,overcast clouds,33.839,-83.9007,Quality Inn Loganville Us Highway 78
636,Urengoy,RU,64.98,overcast clouds,65.9667,78.3667,Gostinnitsa Medveditsa
637,Ponca City,US,75.69,clear sky,36.707,-97.0856,"Holiday Inn Express & Suites Ponca City, an IHG Hotel"
638,Narasannapeta,IN,87.89,overcast clouds,18.4167,84.05,G.lingaraju home
639,Xuddur,SO,69.48,overcast clouds,4.1213,43.8894,Banjanay Hotel
640,Hounde,BF,71.46,light rain,11.5,-3.5167,Carrefour o√π ouvriers dorment
641,Port Antonio,JM,82.31,scattered clouds,18.18,-76.4612,The Trident Hotel
642,Itacare,BR,68.32,broken clouds,-14.2775,-38.9967,Ecoporan Hotel Charme Spa & Eventos
643,Angoche,MZ,66.34,clear sky,-16.2325,39.9086,Guest House HESADA
644,Manavalakurichi,IN,82.49,overcast clouds,8.1333,77.3,Udaya Boys Hostel
645,Gold Coast,AU,71.2,clear sky,-28.0,153.4333,Mantra Towers of Chevron Surfers Paradise
647,Bayan,CN,69.42,overcast clouds,46.0833,127.4,Wanhao Inn
648,Luanda,AO,68.77,few clouds,-8.8368,13.2343,LANDU MARINEZA LUFUANDU TONI
651,Mathbaria,BD,83.64,overcast clouds,22.2876,89.9593,Shikdar Hotel
653,Sabha,LY,85.24,clear sky,27.0377,14.4283,Foundation Taaj Asala for Historical Research and Archeology
654,Mogadishu,SO,75.92,light rain,2.0371,45.3438,Hotel Juba
655,Biltine,TD,75.61,overcast clouds,14.5333,20.9167,H√¥tel Trois √âtoiles de Biltine
656,Haimen,CN,87.69,moderate rain,23.1935,116.6142,Jinghao Business Hotel
657,Roma,US,65.43,clear sky,43.2128,-75.4557,Wingate By Wyndham Rome
658,Ambulu,ID,83.84,scattered clouds,-8.345,113.6058,Hotel Ambulu Jember
660,Asau,RO,60.4,few clouds,46.4333,26.4,Casa Mika Ciobanus
661,Zainsk,RU,70.79,overcast clouds,55.3195,52.0694,–î–µ–ª—å—Ñ–∏–Ω
662,Holland,US,68.79,clear sky,42.7875,-86.1089,Hampton Inn Holland
663,Teguldet,RU,70.21,broken clouds,57.3064,88.1667, 
664,Mimongo,GA,68.14,broken clouds,-1.6195,11.6068, 
666,Kabalo,CD,72.63,clear sky,-6.05,26.9167, 
667,Gorontalo,ID,89.01,broken clouds,0.5412,123.0595,Maqna Hotel by Prasanthi
668,Duverge,DO,76.51,overcast clouds,18.3784,-71.5247,Hotel La Casona
670,Terrace Bay,CA,62.22,scattered clouds,48.7834,-87.1,Drifters Motel & Restaurant
671,Thunder Bay,CA,68.29,smoke,48.4001,-89.3168,Victoria Inn Hotel and Convention Centre
672,Graulhet,FR,65.82,light rain,43.7669,1.9894,H√¥tel Restaurant du Lac √† Graulhet
673,Dudinka,RU,70.65,clear sky,69.4058,86.1778,Hotel Viktoria
675,Sherlovaya Gora,RU,69.22,light rain,50.5667,116.25, 
678,Sydney,AU,61.56,clear sky,-33.8679,151.2073,The Grace Sydney
680,Zwedru,LR,68.72,scattered clouds,6.0667,-8.1281,Elijah Worjloh
681,Baker City,US,85.71,light rain,44.7749,-117.8344,Bridge Street Inn
682,Qitaihe,CN,87.12,broken clouds,45.8,130.85,Baiyun Hostel
684,Tobermory,CA,62.31,few clouds,45.2501,-81.6665,Escarpment Heights Motel
685,Tual,ID,80.76,overcast clouds,-5.6667,132.75,Grand Vilia Hotel
686,Flinders,AU,60.06,few clouds,-34.5833,150.8552,Shellharbour Resort & Conference Centre
