City_ID,City,Country,Lat,Lng,Max Temp FÂ°,Humidity %,Cloudiness %,Wind Speed mph,Weather Description
0,Faya,SA,18.3851,42.4509,64.51,71,10,5.37,clear sky
1,Tiksi,RU,71.6872,128.8694,45.07,72,76,10.36,broken clouds
2,Torbay,CA,47.6666,-52.7314,62.58,85,20,20.71,few clouds
3,Saldanha,ZA,-33.0117,17.9442,48.25,90,9,7.18,clear sky
4,Atuona,PF,-9.8,-139.0333,77.58,73,69,15.5,light rain
5,Port Alfred,ZA,-33.5906,26.891,61.93,45,0,12.08,clear sky
6,Longyearbyen,SJ,78.2186,15.6401,46.24,66,40,12.66,scattered clouds
7,East London,ZA,-33.0153,27.9116,67.32,25,0,10.09,clear sky
8,Kodiak,US,57.79,-152.4072,62.11,72,90,8.05,overcast clouds
9,Sartell,US,45.6216,-94.2069,75.67,60,1,4.0,haze
10,Rikitea,PF,-23.1203,-134.9692,70.16,62,64,14.14,broken clouds
11,Airai,TL,-8.9266,125.4092,75.31,41,100,4.92,overcast clouds
12,Santa Cruz De Tenerife,ES,28.4682,-16.2546,72.21,84,75,1.01,broken clouds
13,Iqaluit,CA,63.7506,-68.5145,44.33,87,75,15.01,broken clouds
14,Tiarei,PF,-17.5333,-149.3333,82.0,78,15,11.99,few clouds
15,Ushuaia,AR,-54.8,-68.3,40.66,65,75,3.44,broken clouds
16,Hasaki,JP,35.7333,140.8333,95.29,72,65,8.08,broken clouds
17,Mataura,NZ,-46.1927,168.8643,46.47,65,100,4.25,overcast clouds
18,Mahebourg,MU,-20.4081,57.7,68.29,83,75,8.05,broken clouds
19,Cape Canaveral,US,28.4058,-80.6048,77.25,92,40,9.22,scattered clouds
20,Mantua,IT,45.1667,10.7833,70.84,83,100,0.43,light rain
21,Totness,SR,5.8833,-56.3167,76.53,85,14,2.59,few clouds
22,Leningradskiy,RU,69.3833,178.4167,40.08,100,100,3.53,overcast clouds
23,Druzhnaya Gorka,RU,59.2761,30.1425,51.19,96,30,5.17,scattered clouds
24,Jamestown,US,42.097,-79.2353,61.92,89,10,2.51,clear sky
25,Hithadhoo,MV,-0.6,73.0833,81.82,75,100,7.9,overcast clouds
26,Kolda,SN,12.8833,-14.95,74.23,98,100,3.91,light rain
27,Castro,BR,-24.7911,-50.0119,43.18,94,36,4.72,scattered clouds
28,Saint-Leu,RE,-21.15,55.2833,65.26,81,46,18.52,light rain
29,Busselton,AU,-33.65,115.3333,57.65,66,61,1.74,broken clouds
30,Kaitangata,NZ,-46.2817,169.8464,49.93,59,87,8.81,overcast clouds
31,Mar Del Plata,AR,-38.0023,-57.5575,55.13,58,0,3.0,clear sky
32,Lagoa,PT,39.05,-27.9833,71.11,91,5,8.61,clear sky
33,Bermejo,AR,-32.8833,-68.8,49.91,53,0,3.44,clear sky
34,Beisfjord,NO,68.3751,17.5988,52.05,98,100,4.09,overcast clouds
35,Vestmannaeyjar,IS,63.4427,-20.2734,53.78,93,100,7.99,overcast clouds
36,Vaini,TO,-21.2,-175.2,73.56,83,40,17.27,scattered clouds
37,Cherskiy,RU,68.75,161.3,41.94,86,100,8.05,light rain
38,Dingle,PH,10.9995,122.6711,88.63,62,100,16.55,overcast clouds
39,Nuristan,AF,35.3,70.8333,55.49,45,0,3.11,clear sky
40,Atar,MR,20.5169,-13.0499,89.42,41,100,4.79,overcast clouds
41,Bengkulu,ID,-3.8004,102.2655,81.95,74,100,5.32,overcast clouds
42,Dikson,RU,73.5069,80.5464,45.54,87,100,9.57,overcast clouds
43,Hirara,JP,24.8,125.2833,86.27,79,75,6.91,broken clouds
44,Ponta Do Sol,PT,32.6667,-17.1,72.01,77,12,5.26,few clouds
45,Kruisfontein,ZA,-34.0033,24.7314,48.88,84,1,7.11,clear sky
46,Tuktoyaktuk,CA,69.4541,-133.0374,55.4,67,20,9.22,few clouds
47,Sidi Ali,DZ,36.0998,0.4206,69.19,91,0,2.39,clear sky
48,Georgetown,MY,5.4112,100.3354,85.95,82,20,1.01,few clouds
49,Barrow,US,71.2906,-156.7887,51.82,65,75,16.11,broken clouds
50,Honiara,SB,-9.4333,159.95,81.34,81,60,5.68,broken clouds
51,Palmer,US,42.1584,-72.3287,65.57,82,75,0.0,broken clouds
52,Bemidji,US,47.4736,-94.8803,75.29,65,1,0.0,clear sky
53,Jacmel,HT,18.2342,-72.5347,82.24,82,99,3.11,overcast clouds
54,Tasiilaq,GL,65.6145,-37.6368,44.76,86,100,2.51,overcast clouds
55,Kiamba,PH,5.9894,124.6242,88.16,57,99,4.76,overcast clouds
56,Marawi,PH,7.9986,124.2928,82.65,52,75,6.02,broken clouds
57,New Norfolk,AU,-42.7826,147.0587,56.71,56,79,4.0,broken clouds
58,Tingi,TZ,-11.3,35.0333,52.74,67,22,3.96,few clouds
59,Nanortalik,GL,60.1432,-45.2371,44.1,98,100,6.13,light rain
60,Norman Wells,CA,65.282,-126.8329,53.64,94,90,2.3,smoke
61,Imbituba,BR,-28.24,-48.6703,59.83,89,92,7.87,overcast clouds
62,Itarema,BR,-2.9248,-39.9167,76.37,86,70,7.34,broken clouds
63,Bambous Virieux,MU,-20.3428,57.7575,68.25,83,75,8.05,broken clouds
64,Bluff,NZ,-46.6,168.3333,46.8,62,100,4.45,overcast clouds
65,Vostok,RU,46.4856,135.8833,74.21,87,100,4.16,overcast clouds
66,Oistins,BB,13.0667,-59.5333,80.69,78,20,8.05,few clouds
67,Arraial Do Cabo,BR,-22.9661,-42.0278,67.6,74,43,11.95,scattered clouds
68,Hermanus,ZA,-34.4187,19.2345,51.91,88,34,5.3,scattered clouds
69,Chifeng,CN,42.2683,118.9636,81.41,55,2,11.86,clear sky
70,Port-Gentil,GA,-0.7193,8.7815,75.6,85,78,14.0,broken clouds
71,Punta Arenas,CL,-53.15,-70.9167,42.91,70,90,11.5,overcast clouds
72,Te Anau,NZ,-45.4167,167.7167,45.48,68,100,0.2,overcast clouds
73,Cape Town,ZA,-33.9258,18.4232,56.88,86,0,3.0,clear sky
74,Jingdezhen,CN,29.2947,117.2079,93.45,55,20,9.22,light rain
75,Byron Bay,AU,-28.65,153.6167,67.95,29,0,9.42,clear sky
76,Butaritari,KI,3.0707,172.7902,83.44,69,78,12.62,broken clouds
77,Kapaa,US,22.0752,-159.319,84.18,75,75,7.0,broken clouds
78,Yellowknife,CA,62.456,-114.3525,63.12,42,75,5.01,broken clouds
79,George Town,MY,5.4112,100.3354,85.93,83,20,1.99,few clouds
80,Vanimo,PG,-2.6741,141.3028,86.18,65,17,6.85,few clouds
81,Rubtsovsk,RU,51.5,81.25,76.26,38,99,5.84,overcast clouds
82,Saint-Philippe,RE,-21.3585,55.7679,65.79,86,97,18.16,light rain
83,Qaanaaq,GL,77.484,-69.3632,42.4,95,100,1.79,overcast clouds
84,Pozhva,RU,59.0912,56.0847,66.85,85,77,4.63,broken clouds
85,Egvekinot,RU,66.3167,-179.1667,45.23,99,100,4.25,light rain
86,Baft,IR,29.234,56.6057,72.68,35,42,3.2,scattered clouds
87,Puerto Ayora,EC,-0.7393,-90.3518,69.06,83,35,6.8,scattered clouds
88,Luderitz,NA,-26.6481,15.1594,54.91,93,40,5.44,scattered clouds
89,Oxelosund,SE,58.6706,17.1015,48.58,93,0,0.0,clear sky
90,Yashkul,RU,46.1711,45.3435,82.65,31,2,3.65,clear sky
91,Cayenne,GF,4.9333,-52.3333,81.09,83,0,0.0,clear sky
92,Alofi,NU,-19.0595,-169.9187,75.09,64,75,8.05,broken clouds
93,Atambua,ID,-9.1061,124.8925,84.6,47,100,4.25,overcast clouds
94,North Bend,US,43.4065,-124.2243,60.87,94,90,14.97,overcast clouds
95,Saint George,US,37.1041,-113.5841,102.79,14,1,5.99,clear sky
96,Nichinan,JP,31.6,131.3667,87.48,77,94,9.69,overcast clouds
97,Provideniya,RU,64.3833,-173.3,51.91,82,90,8.95,light intensity drizzle
98,Bethanien,NA,-26.502,17.1583,56.25,43,0,4.09,clear sky
99,Albany,US,42.6001,-73.9662,64.45,84,100,2.62,overcast clouds
100,Nikolskoye,RU,59.7035,30.7861,52.02,94,13,5.41,few clouds
101,Mount Gambier,AU,-37.8333,140.7667,55.31,88,75,14.97,broken clouds
102,Santa Fe,AR,-31.6333,-60.7,55.99,63,100,1.99,overcast clouds
103,Upernavik,GL,72.7868,-56.1549,40.62,89,19,10.38,few clouds
104,Euclides Da Cunha,BR,-10.5075,-39.0158,61.09,92,76,4.65,broken clouds
105,Abu Dhabi,AE,24.4667,54.3667,89.71,66,0,0.0,clear sky
106,Paamiut,GL,61.994,-49.6678,45.52,95,100,4.61,light rain
107,Malavalli,IN,12.3833,77.0833,73.26,68,83,15.68,broken clouds
108,Chase,CA,50.8165,-119.6857,84.4,30,7,3.98,clear sky
109,Svetlaya,RU,46.5389,138.3297,66.13,91,100,2.82,light rain
110,Kabinda,CD,-6.1333,24.4833,65.89,43,0,3.74,clear sky
111,Janovice Nad Uhlavou,CZ,49.3451,13.2181,58.69,93,100,5.35,light rain
112,Praia Da Vitoria,PT,38.7333,-27.0667,73.65,83,20,7.14,few clouds
113,Bredasdorp,ZA,-34.5322,20.0403,52.92,87,36,6.91,scattered clouds
114,Esperance,AU,-33.8667,121.9,57.04,71,91,4.88,overcast clouds
115,Sfantu Gheorghe,RO,45.8667,25.7833,65.26,83,5,2.51,clear sky
116,Chokurdakh,RU,70.6333,147.9167,57.47,31,29,13.29,scattered clouds
117,Ilulissat,GL,69.2167,-51.1,44.62,81,44,0.0,scattered clouds
118,Kidodi,TZ,-7.6036,37.0044,64.49,93,26,1.21,scattered clouds
119,Bethel,US,41.3712,-73.414,67.5,83,1,3.44,clear sky
120,Avarua,CK,-21.2078,-159.775,77.05,69,1,9.22,clear sky
121,Brae,GB,60.3964,-1.353,57.11,94,100,6.51,overcast clouds
122,Ahipara,NZ,-35.1667,173.1667,57.0,63,98,6.35,overcast clouds
123,Sistranda,NO,63.7256,8.834,49.89,70,81,4.63,broken clouds
124,Kenai,US,60.5544,-151.2583,66.02,76,1,12.66,clear sky
125,Sambava,MG,-14.2667,50.1667,67.5,84,7,11.72,clear sky
126,Khatanga,RU,71.9667,102.5,76.08,44,100,12.66,overcast clouds
127,Pyapon,MM,16.2833,95.6833,79.52,87,100,9.53,overcast clouds
128,Tirat Karmel,IL,32.7617,34.9719,76.95,70,0,2.75,clear sky
129,Fortuna,US,40.5982,-124.1573,57.92,72,90,1.99,overcast clouds
130,Trincomalee,LK,8.5711,81.2335,83.44,71,100,20.45,overcast clouds
131,San Cristobal,VE,7.7669,-72.225,75.38,98,95,4.54,overcast clouds
132,Yershichi,RU,53.6725,32.7542,52.84,86,7,3.15,clear sky
133,Taoudenni,ML,22.6783,-3.9836,101.93,16,62,6.73,broken clouds
134,Ambon,ID,-3.6954,128.1814,75.34,100,75,3.44,heavy intensity rain
135,Mehamn,NO,71.0357,27.8492,45.77,87,100,21.88,light rain
136,Hilo,US,19.7297,-155.09,78.24,83,90,0.0,moderate rain
137,Sharjah,AE,25.3573,55.4033,93.18,53,0,2.3,clear sky
138,Tilichiki,RU,60.4667,166.1,48.22,56,94,7.11,overcast clouds
139,Vestmanna,FO,62.1564,-7.1664,49.12,100,90,6.91,heavy intensity drizzle
140,Angoram,PG,-4.0625,144.0661,92.82,50,18,2.57,few clouds
141,Thompson,CA,55.7435,-97.8558,78.96,44,75,4.61,smoke
142,Namatanai,PG,-3.6667,152.4333,85.08,69,12,3.49,few clouds
143,Prince Rupert,CA,54.3161,-130.3201,62.69,88,90,9.22,overcast clouds
144,Coquimbo,CL,-29.9533,-71.3436,49.73,93,20,2.3,few clouds
145,Soyo,AO,-6.1349,12.3689,71.35,94,29,7.76,scattered clouds
146,Jinsha,CN,32.0898,121.0735,90.0,63,52,13.31,light rain
147,Cabo San Lucas,MX,22.8909,-109.9124,88.52,77,40,11.01,scattered clouds
148,Nueve De Julio,AR,-35.4444,-60.8831,48.7,64,0,7.45,clear sky
149,Hambantota,LK,6.1241,81.1185,82.74,89,20,13.8,few clouds
150,Comodoro Rivadavia,AR,-45.8667,-67.5,46.26,39,0,2.3,clear sky
151,Truth Or Consequences,US,33.1284,-107.2528,89.83,30,1,13.8,clear sky
152,Ancud,CL,-41.8697,-73.8203,40.42,72,40,5.73,scattered clouds
153,Tromso,NO,69.6496,18.957,47.05,87,75,3.44,broken clouds
154,Shemysheyka,RU,52.892,45.3928,64.33,96,100,5.48,moderate rain
155,Peniche,PT,39.3558,-9.3811,67.62,93,100,8.46,overcast clouds
156,Cidreira,BR,-30.1811,-50.2056,57.76,89,100,1.95,overcast clouds
157,Yulara,AU,-25.2406,130.9889,57.04,41,0,13.8,clear sky
158,Tigil,RU,57.8,158.6667,53.69,54,100,11.63,overcast clouds
159,Prainha,BR,-1.8,-53.48,74.62,69,98,2.13,overcast clouds
160,Kedrovyy,RU,56.1667,91.8167,61.21,80,97,1.88,overcast clouds
161,Minot,US,48.2325,-101.2963,84.42,28,1,6.91,smoke
162,Sabang,ID,5.8933,95.3214,82.99,73,100,22.26,overcast clouds
163,Dawson,US,31.7735,-84.4466,80.02,86,5,6.17,clear sky
164,Moyale,KE,3.5167,39.0584,64.22,67,90,12.28,overcast clouds
165,Orlik,RU,52.5178,99.825,65.08,49,2,1.3,clear sky
166,Daru,PG,-9.0763,143.2092,80.64,76,87,9.98,overcast clouds
167,Pierre,US,44.3683,-100.351,80.85,50,1,7.0,clear sky
168,Qandala,SO,11.472,49.8728,87.28,48,64,11.5,broken clouds
169,Puqi,CN,29.7167,113.8833,90.7,62,3,9.4,clear sky
170,Buraydah,SA,26.326,43.975,82.85,14,6,7.05,clear sky
171,Vila Velha,BR,-20.3297,-40.2925,64.35,94,0,3.44,clear sky
172,Rabat,MA,33.9911,-6.8401,71.01,93,75,0.0,broken clouds
173,Praya,CV,14.9215,-23.5087,77.54,94,75,3.44,broken clouds
174,Aksarka,RU,66.5606,67.7975,63.16,64,0,4.94,clear sky
175,Placido De Castro,BR,-10.3353,-67.1856,71.1,44,3,2.82,clear sky
176,San Jose,US,37.3394,-121.895,91.26,43,1,4.0,clear sky
177,Nantucket,US,41.2835,-70.0995,71.71,91,20,6.91,light rain
178,Kyaikkami,MM,16.08,97.5675,80.56,86,96,10.4,overcast clouds
179,Chara,RU,56.9064,118.2631,63.55,64,60,1.5,broken clouds
180,Hofn,IS,64.2539,-15.2082,53.73,83,100,2.53,overcast clouds
181,Sisimiut,GL,66.9395,-53.6735,47.66,89,54,4.38,broken clouds
182,Iranshahr,IR,27.2025,60.6848,89.94,31,4,0.0,clear sky
183,Pozo Colorado,PY,-23.4923,-58.7972,56.64,42,100,5.95,overcast clouds
184,Turukhansk,RU,65.8167,87.9833,69.01,63,12,8.99,few clouds
185,Carnarvon,AU,-24.8667,113.6333,64.47,33,0,14.97,clear sky
186,Dakar,SN,14.6937,-17.4441,78.93,94,40,4.61,scattered clouds
187,Touros,BR,-5.1989,-35.4608,72.5,83,100,15.39,overcast clouds
188,Qasigiannguit,GL,68.8193,-51.1922,44.85,89,76,1.16,broken clouds
189,Fuerte Olimpo,PY,-21.0415,-57.8738,65.57,32,90,5.95,overcast clouds
190,Yuncheng,CN,35.0231,110.9928,86.45,55,77,2.55,light rain
191,Barcelos,PT,41.5388,-8.6151,67.28,95,98,1.25,overcast clouds
192,Olafsvik,IS,64.8945,-23.7142,53.37,91,95,8.32,overcast clouds
193,Nanakuli,US,21.3906,-158.1547,87.75,45,20,9.22,few clouds
194,Sioux Lookout,CA,50.1001,-91.917,79.18,78,90,5.75,smoke
195,Labuhan,ID,-6.8844,112.2051,85.08,64,8,3.56,clear sky
196,Hobart,AU,-42.8794,147.3294,57.06,56,40,1.99,scattered clouds
197,Anchorage,US,61.2181,-149.9003,71.2,75,75,1.01,broken clouds
198,Idrinskoye,RU,54.3708,92.1358,70.14,74,26,3.76,scattered clouds
199,Moosomin,CA,50.1333,-101.6677,73.47,47,100,6.93,overcast clouds
200,Mulege,MX,26.8833,-111.9833,90.28,54,13,3.13,few clouds
201,Vardo,NO,70.3705,31.1107,48.4,96,100,35.14,light rain
202,Beidao,CN,34.5686,105.8933,76.5,57,99,3.38,overcast clouds
203,Panama City,PA,8.9936,-79.5197,80.06,92,75,3.44,broken clouds
204,Taltal,CL,-25.4,-70.4833,57.67,79,34,2.55,scattered clouds
205,Verkhoyansk,RU,67.5447,133.385,72.23,23,0,11.18,clear sky
206,Rio Gallegos,AR,-51.6226,-69.2181,44.65,49,75,18.41,broken clouds
207,Jackson,US,42.4165,-122.8345,93.07,31,1,4.61,smoke
208,Victoria,HK,22.2855,114.1577,89.96,77,80,5.01,light rain
209,Batagay-Alyta,RU,67.8006,130.4114,71.35,28,4,13.85,clear sky
210,Alta Floresta,BR,-9.8756,-56.0861,70.48,40,2,3.87,clear sky
211,Clyde River,CA,70.4692,-68.5914,37.63,93,90,10.36,overcast clouds
212,Lompoc,US,34.6391,-120.4579,71.56,82,75,12.66,broken clouds
213,Kramat,ID,-8.1311,113.4499,85.48,63,38,3.74,scattered clouds
214,Saint-Nazaire,FR,47.2833,-2.2,61.07,99,90,14.97,overcast clouds
215,Puerto Del Rosario,ES,28.5004,-13.8627,71.35,68,3,14.97,clear sky
216,Staryy Nadym,RU,65.6118,72.6842,63.12,67,93,12.88,overcast clouds
217,Kirakira,SB,-10.4544,161.9205,80.53,73,51,8.9,broken clouds
218,Krutinka,RU,56.0055,71.5113,59.92,86,32,8.01,scattered clouds
219,Severo-Kurilsk,RU,50.6789,156.125,54.07,69,100,18.54,overcast clouds
220,Baton Rouge,US,30.4508,-91.1545,78.93,87,90,3.44,overcast clouds
221,Nishihara,JP,26.1842,127.7558,87.08,85,75,13.8,broken clouds
222,Gondal,IN,21.9667,70.8,86.02,82,100,16.91,overcast clouds
223,Niamey,NE,13.5137,2.1098,77.29,83,0,9.22,clear sky
224,Ilo,PE,-17.6394,-71.3375,62.64,79,80,5.26,broken clouds
225,Chibuto,MZ,-24.6867,33.5306,54.79,84,0,3.09,clear sky
226,Puerto Madryn,AR,-42.7692,-65.0385,50.7,60,100,14.94,overcast clouds
227,Chuy,UY,-33.6971,-53.4616,47.64,93,13,2.51,few clouds
228,Cockburn Town,TC,21.4612,-71.1419,82.4,77,57,21.43,broken clouds
229,Lubango,AO,-14.9172,13.4925,56.23,21,0,4.0,clear sky
230,Hailar,CN,49.2,119.7,58.93,98,100,6.85,moderate rain
231,Muli,MV,2.9167,73.5667,82.22,72,100,4.61,overcast clouds
232,Awbari,LY,26.5921,12.7805,85.37,16,0,9.4,clear sky
233,Casa Nova,BR,-9.4167,-41.1333,72.37,58,28,16.26,scattered clouds
234,Arman,RU,59.7,150.1667,62.11,43,24,4.43,few clouds
235,Colac,AU,-38.3333,143.5833,55.62,78,43,11.99,scattered clouds
236,Novyy Urengoy,RU,66.0833,76.6333,62.37,78,100,2.82,overcast clouds
237,Namibe,AO,-15.1961,12.1522,65.43,73,0,8.01,clear sky
238,Kletnya,RU,53.3897,33.2171,53.76,81,7,3.24,clear sky
239,Ulaangom,MN,49.9811,92.0667,72.86,38,6,5.46,clear sky
240,Lima,PE,-12.0432,-77.0282,61.05,82,90,8.05,overcast clouds
241,Susangerd,IR,31.5608,48.1831,87.82,13,21,3.6,few clouds
242,Husavik,IS,66.0449,-17.3389,49.91,83,96,0.85,overcast clouds
243,Los Llanos De Aridane,ES,28.6585,-17.9182,67.75,87,75,14.97,broken clouds
244,Pacific Grove,US,36.6177,-121.9166,71.58,86,40,3.0,scattered clouds
245,Port Keats,AU,-14.25,129.55,88.77,41,31,8.97,scattered clouds
246,Westwood,US,42.214,-71.2245,69.6,86,1,0.0,clear sky
247,Staraya Poltavka,RU,50.4772,46.4814,75.15,56,99,10.87,overcast clouds
248,Isangel,VU,-19.55,169.2667,77.11,57,75,9.22,haze
249,The Valley,AI,18.217,-63.0578,82.26,76,1,16.78,clear sky
250,Naze,JP,28.3667,129.4833,85.12,81,86,15.7,overcast clouds
251,Sola,VU,-13.8833,167.55,77.63,71,59,16.06,broken clouds
252,Ozinki,RU,51.1786,49.6769,82.35,22,70,7.25,broken clouds
253,Brewster,US,41.3973,-73.6171,67.75,87,1,3.44,clear sky
254,Yilan,TW,24.757,121.753,87.91,93,100,3.94,overcast clouds
255,Providencia,MX,28.7167,-111.5833,87.85,48,5,10.45,clear sky
256,West Wendover,US,40.7391,-114.0733,90.61,21,1,6.91,clear sky
257,Cairns,AU,-16.9167,145.7667,86.07,56,40,10.36,scattered clouds
258,Zaraza,VE,9.3503,-65.3245,70.16,98,97,3.27,overcast clouds
259,Khandbari,NP,27.3747,87.2039,74.77,90,100,2.55,overcast clouds
260,Mildura,AU,-34.2,142.15,57.16,72,90,11.5,overcast clouds
261,Neiafu,TO,-18.65,-173.9833,77.68,53,40,4.61,scattered clouds
262,Moree,AU,-29.4667,149.85,55.42,58,75,17.27,broken clouds
263,Amontada,BR,-3.3617,-39.8317,75.49,83,78,1.77,broken clouds
264,Tanout,NE,14.9709,8.8879,84.9,54,5,12.55,clear sky
265,Oga,IT,46.4631,10.347,51.08,93,100,3.4,light rain
266,Haines Junction,CA,60.7522,-137.5108,69.75,49,79,4.61,broken clouds
267,San Patricio,US,28.017,-97.5169,84.85,75,83,4.32,broken clouds
268,Roald,NO,62.5833,6.1333,54.16,82,90,3.44,overcast clouds
269,Les Cayes,HT,18.2,-73.75,77.4,86,94,5.19,overcast clouds
270,San Carlos De Bariloche,AR,-41.1456,-71.3082,45.45,49,0,8.05,clear sky
271,Kununurra,AU,-15.7667,128.7333,82.38,20,98,17.27,overcast clouds
272,Ornskoldsvik,SE,63.2909,18.7153,47.35,81,11,8.05,few clouds
273,Lata,PT,40.1629,-8.3327,66.04,98,94,2.89,overcast clouds
274,Rocha,UY,-34.4833,-54.3333,46.02,92,11,2.04,few clouds
275,Upington,ZA,-28.4478,21.2561,53.98,28,0,4.61,clear sky
276,Akyab,MM,20.15,92.9,78.98,91,98,12.5,overcast clouds
277,Hildburghausen,DE,50.4255,10.7318,58.05,99,100,3.09,overcast clouds
278,Nhulunbuy,AU,-12.2333,136.7667,84.81,58,40,20.71,scattered clouds
279,Taseyevo,RU,57.2169,94.8978,71.33,67,91,3.2,light rain
280,Vaxjo,SE,56.8777,14.8091,46.72,100,90,0.0,overcast clouds
281,Kropotkin,RU,45.4375,40.5756,73.04,73,35,5.21,scattered clouds
282,Nelson Bay,AU,-32.7167,152.15,60.85,46,6,5.01,clear sky
283,Vaitape,PF,-16.5167,-151.75,79.39,73,9,8.43,clear sky
284,Faanui,PF,-16.4833,-151.75,79.39,73,9,8.46,clear sky
285,Constitucion,CL,-35.3333,-72.4167,52.21,81,0,1.57,clear sky
286,Lavrentiya,RU,65.5833,-171.0,48.02,96,100,5.93,overcast clouds
287,Ketchikan,US,55.3422,-131.6461,61.27,94,90,13.8,light rain
288,Mitsamiouli,KM,-11.3847,43.2844,75.04,57,0,3.58,clear sky
289,Omsukchan,RU,62.5333,155.8,36.01,100,100,5.84,light rain
290,San Juan,AR,-31.5375,-68.5364,57.18,30,5,2.89,clear sky
291,Isoka,ZM,-10.1606,32.6335,50.9,89,0,2.42,clear sky
292,Qaqortoq,GL,60.7167,-46.0333,45.1,97,100,7.87,light rain
293,Mao,ES,39.8885,4.2658,70.36,88,0,4.61,clear sky
294,Pangnirtung,CA,66.1451,-65.7125,49.82,78,88,3.2,overcast clouds
295,Utena,LT,55.5,25.6,52.16,80,51,4.47,broken clouds
296,Tabuk,PH,17.4189,121.4443,85.17,69,100,3.96,overcast clouds
297,Vao,NC,-22.6667,167.4833,68.97,71,0,6.71,clear sky
298,Richards Bay,ZA,-28.783,32.0377,62.47,81,0,16.31,clear sky
299,Amio,PH,9.3571,122.9413,84.94,68,99,9.69,overcast clouds
300,Zyryanka,RU,65.75,150.85,49.44,44,100,24.72,overcast clouds
301,Komsomolskiy,UZ,40.4272,71.7189,81.32,29,1,4.61,clear sky
302,Hobyo,SO,5.3505,48.5268,77.05,78,74,20.85,broken clouds
303,Kuliyapitiya,LK,7.4688,80.0401,82.08,80,97,8.1,overcast clouds
304,Mrakovo,RU,52.7161,56.6244,77.67,40,16,2.82,few clouds
305,Palana,RU,59.1167,159.9667,43.16,83,100,11.03,light rain
306,Edd,ER,13.9297,41.6925,89.83,67,94,3.31,overcast clouds
307,Bezhetsk,RU,57.7851,36.6965,52.43,87,0,7.81,clear sky
308,Chicama,PE,-7.8447,-79.1469,66.83,78,2,6.35,clear sky
309,Lebu,CL,-37.6167,-73.65,50.49,90,6,5.53,clear sky
310,Tolaga Bay,NZ,-38.3667,178.3,52.61,56,56,16.62,broken clouds
311,Ust-Tsilma,RU,65.441,52.1498,65.82,84,99,5.35,overcast clouds
312,San Policarpo,PH,12.1791,125.5072,88.32,60,100,11.25,overcast clouds
313,Matagami,CA,49.7502,-77.6328,50.11,87,1,0.0,clear sky
314,Havre,FR,49.5833,0.3333,58.77,94,90,3.44,overcast clouds
315,Varkaus,FI,62.3153,27.873,50.11,76,55,9.08,broken clouds
316,Ulaanbaatar,MN,47.9077,106.8832,59.13,67,40,13.42,scattered clouds
317,Laguna,US,38.421,-121.4238,101.68,20,1,4.0,clear sky
318,Port Elizabeth,ZA,-33.918,25.5701,59.29,88,0,12.66,clear sky
319,Jiuquan,CN,39.7432,98.5174,81.91,12,98,8.59,overcast clouds
320,Mastic Beach,US,40.7668,-72.8521,70.05,88,1,1.01,clear sky
321,Monrovia,LR,6.3005,-10.7969,74.97,79,20,2.48,few clouds
322,Nemuro,JP,43.3236,145.575,77.43,94,91,7.18,overcast clouds
323,Villeneuve-Sur-Lot,FR,44.5,0.6667,60.73,95,100,5.21,light rain
324,Hun,LY,29.1268,15.9477,82.71,32,0,1.1,clear sky
325,Gat,IL,31.61,34.7642,87.4,38,0,6.44,clear sky
326,Jacksonville,US,30.3322,-81.6556,77.22,96,75,1.99,mist
327,Strezhevoy,RU,60.7333,77.5889,62.58,84,63,4.45,broken clouds
328,Ostrovnoy,RU,68.0531,39.5131,55.74,86,51,16.69,broken clouds
329,Solnechnyy,RU,50.7214,136.6319,55.56,99,100,4.83,overcast clouds
330,Srednekolymsk,RU,67.45,153.6833,39.42,93,100,18.79,light rain
331,Acapulco,MX,16.8634,-99.8901,85.82,74,90,8.05,overcast clouds
332,Udachnyy,RU,66.4167,112.4,75.51,38,19,14.63,few clouds
333,Ravar,IR,31.2656,56.8055,84.02,12,100,2.44,overcast clouds
334,Muros,ES,42.7762,-9.0603,67.98,95,89,3.74,overcast clouds
335,Sorland,NO,67.667,12.6934,52.34,85,100,13.4,overcast clouds
336,Szendro,HU,48.4,20.7333,61.79,69,100,2.24,overcast clouds
337,Chernyshevskiy,RU,63.0128,112.4714,75.06,37,34,13.31,scattered clouds
338,Samarai,PG,-10.6167,150.6667,78.85,83,46,11.88,scattered clouds
339,Tahoua,NE,14.8888,5.2692,82.81,64,17,14.76,few clouds
340,Bakchar,RU,57.0186,82.0711,64.76,83,74,2.39,broken clouds
341,Erenhot,CN,43.6475,111.9767,72.99,44,0,21.77,clear sky
342,Zabid,YE,14.1951,43.3152,87.51,70,74,7.18,broken clouds
343,Vila Franca Do Campo,PT,37.7167,-25.4333,72.01,91,26,3.53,scattered clouds
344,Hamilton,US,39.1834,-84.5333,70.99,70,20,0.0,few clouds
345,Peace River,CA,56.2501,-117.286,86.31,26,20,6.91,few clouds
346,Morelia,MX,19.7008,-101.1844,59.94,96,100,2.55,overcast clouds
347,College,US,64.8569,-147.8028,87.78,44,75,16.11,broken clouds
348,Betanzos,ES,43.2804,-8.2147,68.9,93,90,3.0,mist
349,Grindavik,IS,63.8424,-22.4338,53.55,100,75,5.75,broken clouds
350,Salalah,OM,17.0151,54.0924,77.09,100,90,4.61,mist
351,Bana,CM,5.1481,10.2762,60.76,99,99,1.07,light rain
352,Saint-Francois,FR,46.4154,3.9054,57.67,99,90,1.14,overcast clouds
353,Geraldton,AU,-28.7667,114.6,57.13,67,0,16.11,clear sky
354,Ust-Nera,RU,64.5667,143.2,64.4,29,0,7.63,clear sky
355,Filadelfia,US,39.9523,-75.1638,71.49,76,90,4.61,overcast clouds
356,Saskylakh,RU,71.9167,114.0833,67.59,32,42,13.0,scattered clouds
357,Sept-Iles,CA,50.2001,-66.3821,60.26,63,1,4.0,clear sky
358,La Asuncion,VE,11.0333,-63.8628,78.53,94,46,4.61,scattered clouds
359,Broome,US,42.2506,-75.833,62.02,91,24,1.36,few clouds
360,Lithgow,AU,-33.4833,150.15,48.87,67,63,19.24,broken clouds
361,Talnakh,RU,69.4865,88.3972,74.61,46,0,10.27,clear sky
362,Port Macquarie,AU,-31.4333,152.9167,63.9,34,2,16.08,clear sky
363,Varkkallai,IN,8.7341,76.7067,82.18,76,91,10.02,overcast clouds
364,Catio,GW,11.2833,-15.25,76.8,89,100,4.54,light rain
365,Port Hardy,CA,50.6996,-127.4199,73.58,64,75,6.91,broken clouds
366,Tautira,PF,-17.7333,-149.15,82.0,78,37,13.24,scattered clouds
367,Zuenoula,CI,7.4292,-6.0431,70.61,92,82,3.69,broken clouds
368,Poum,NC,-20.2333,164.0167,73.2,63,1,13.35,clear sky
369,Kavieng,PG,-2.5744,150.7967,84.0,71,19,2.8,light rain
370,Kazachinskoye,RU,57.6953,93.2761,73.15,56,28,2.93,scattered clouds
371,Petropavlovsk-Kamchatskiy,RU,53.0452,158.6483,66.79,32,20,13.42,few clouds
372,Korla,CN,41.7597,86.1469,86.54,19,49,4.56,scattered clouds
373,Pevek,RU,69.7008,170.3133,36.64,93,100,3.67,light rain
374,Dossor,KZ,47.5272,52.9811,90.55,20,59,3.44,broken clouds
375,Jatiroto,ID,-7.8833,111.1167,83.48,64,50,5.35,scattered clouds
376,Santo Antonio Do Ica,BR,-3.1022,-67.9397,72.09,68,8,1.25,clear sky
377,Inuvik,CA,68.3499,-133.7218,65.26,34,20,3.44,few clouds
378,Saint-Georges,GD,12.0564,-61.7485,80.28,83,20,5.75,few clouds
379,Sangar,RU,63.9242,127.4739,74.43,43,0,3.38,clear sky
380,Teya,RU,60.3778,92.6267,65.53,65,100,0.69,overcast clouds
381,Kaeo,NZ,-35.1,173.7833,62.33,65,86,7.52,overcast clouds
382,Rawah,IQ,34.4816,41.9093,91.56,22,14,4.99,few clouds
383,Badvel,IN,14.75,79.05,85.53,57,98,21.54,overcast clouds
384,Berlevag,NO,70.8578,29.0864,45.34,93,100,29.39,light rain
385,Sinjai,ID,-5.1241,120.253,83.97,67,100,9.44,overcast clouds
386,Cumana,VE,10.4635,-64.1775,78.89,83,81,3.33,broken clouds
387,Oktyabrskoye,RU,43.0645,44.7417,69.57,65,5,5.79,clear sky
388,Turbo,CO,8.0937,-76.7269,77.02,89,100,3.67,overcast clouds
389,Charcas,MX,23.1333,-101.1167,64.98,70,69,12.44,broken clouds
390,Visnes,NO,59.3556,5.2242,54.82,93,66,4.61,broken clouds
391,Metairie,US,29.9841,-90.1528,78.85,83,1,0.0,clear sky
392,Marsh Harbour,BS,26.5412,-77.0636,83.16,72,100,11.12,overcast clouds
393,Borger,NL,52.9233,6.7931,57.04,88,100,4.99,overcast clouds
394,Acarau,BR,-2.8856,-40.12,77.32,82,74,7.25,broken clouds
395,Duldurga,RU,50.6761,113.5931,68.18,59,100,11.07,heavy intensity rain
396,Maxixe,MZ,-23.8597,35.3472,60.85,71,0,4.94,clear sky
397,Rengo,CL,-34.4167,-70.8667,47.23,44,0,2.26,clear sky
398,Wardha,IN,20.75,78.6167,77.32,74,96,15.64,overcast clouds
399,Kapit,MY,2.0167,112.9333,88.63,60,100,0.36,overcast clouds
400,Almaznyy,RU,48.0448,40.045,62.74,80,96,6.4,overcast clouds
401,Yaan,NG,7.3833,8.5667,72.0,95,100,5.55,overcast clouds
402,Masallatah,LY,32.6167,14.0,80.42,51,0,7.49,clear sky
403,Isiolo,KE,0.3546,37.5822,63.21,80,26,8.93,scattered clouds
404,Ontario,US,34.0633,-117.6509,99.88,34,20,1.99,smoke
405,Energeticheskiy,KZ,43.4278,77.0222,79.36,31,75,2.24,broken clouds
406,Kupang,ID,-10.1667,123.5833,88.38,48,20,11.5,few clouds
407,Adrar,MR,20.5022,-10.0711,87.04,41,5,10.49,clear sky
408,Belmonte,BR,-15.8631,-38.8828,66.7,81,10,8.52,clear sky
409,Camopi,GF,3.1655,-52.3158,71.51,97,69,1.77,broken clouds
410,Iralaya,HN,15.0,-83.2333,80.71,80,100,11.18,overcast clouds
411,Necochea,AR,-38.5473,-58.7368,48.33,71,100,5.12,overcast clouds
412,Bud,US,39.447,-86.1758,67.95,77,38,5.61,scattered clouds
413,Wichita Falls,US,33.9137,-98.4934,81.16,55,1,3.44,clear sky
414,San Fernando,PH,15.0286,120.6898,87.82,79,95,17.29,overcast clouds
415,Xuanhua,CN,40.6103,115.0447,79.0,60,20,3.27,few clouds
416,Katsuura,JP,35.1333,140.3,89.71,68,5,5.93,clear sky
417,Saint-Joseph,RE,-21.3667,55.6167,64.78,86,97,17.96,light rain
418,Troitskoye,RU,52.9821,84.6757,67.55,80,100,5.73,light rain
419,Fasa,IR,28.9383,53.6482,74.44,43,38,0.0,scattered clouds
420,Pisco,PE,-13.7,-76.2167,62.65,82,90,9.22,overcast clouds
421,Quatre Cocos,MU,-20.2078,57.7625,68.11,73,12,10.76,few clouds
422,Ludvika,SE,60.1496,15.1878,45.34,74,11,1.83,few clouds
423,Portland,US,45.5234,-122.6762,88.45,42,40,1.01,smoke
424,Leh,IN,34.1667,77.5833,63.5,50,25,6.08,scattered clouds
425,Rio Grande,BR,-32.035,-52.0986,51.94,92,9,1.19,clear sky
426,Klaksvik,FO,62.2266,-6.589,50.92,88,100,5.53,overcast clouds
427,Penzance,GB,50.1186,-5.5371,56.41,83,40,3.44,scattered clouds
428,Grande Prairie,CA,55.1667,-118.8027,82.58,26,20,11.5,smoke
429,Aklavik,CA,68.2191,-135.0107,65.23,36,0,5.23,clear sky
430,Codrington,AU,-38.2667,141.9667,55.36,86,88,18.52,overcast clouds
431,Middelburg,ZA,-25.7751,29.4648,44.4,70,0,2.46,clear sky
432,Ngunguru,NZ,-35.6167,174.5,62.17,53,53,4.59,broken clouds
433,Blairmore,CA,49.6,-114.4353,79.72,41,17,5.79,few clouds
434,Xingyi,CN,24.1877,102.817,75.36,60,7,3.04,clear sky
435,Malazgirt,TR,39.1427,42.5401,64.85,48,4,3.76,clear sky
436,Mandera,KE,3.9366,41.867,74.88,65,100,13.27,overcast clouds
437,Arlit,NE,18.7369,7.3853,94.41,22,39,8.16,scattered clouds
438,Deputatskiy,RU,69.3,139.9,56.25,31,14,13.96,few clouds
439,Mangrol,IN,21.1167,70.1167,81.57,85,100,20.51,overcast clouds
440,Ampanihy,MG,-24.7,44.75,58.78,85,2,11.23,clear sky
441,Sitka,US,57.0531,-135.33,64.29,63,90,12.66,light rain
442,Grand Forks,US,47.9417,-97.4337,78.73,50,20,5.75,smoke
443,Nome,US,64.5011,-165.4064,74.1,64,1,4.61,clear sky
444,Kasane,BW,-17.8167,25.15,54.68,48,0,6.4,clear sky
445,Yumen,CN,40.2833,97.2,82.17,11,67,15.28,broken clouds
446,Souillac,MU,-20.5167,57.5167,68.38,83,75,8.05,broken clouds
447,Menzelinsk,RU,55.7271,53.1026,70.84,48,77,9.98,broken clouds
448,Pasighat,IN,28.0667,95.3333,85.96,74,65,1.03,broken clouds
449,Meulaboh,ID,4.1363,96.1285,81.55,75,98,3.83,overcast clouds
450,Port Hedland,AU,-20.3167,118.5667,75.25,16,40,24.16,scattered clouds
451,Narsaq,GL,60.9167,-46.05,44.82,97,100,3.42,light rain
452,Sovetskoye,RU,52.2861,85.4131,67.69,77,99,4.25,overcast clouds
453,Chalus,IR,36.655,51.4204,72.86,88,40,2.3,scattered clouds
454,Ratnagiri,IN,16.9833,73.3,80.4,85,86,13.87,overcast clouds
455,Bam,IR,29.106,58.357,89.29,19,75,13.0,broken clouds
456,Muhororo,UG,0.9381,30.7594,61.38,82,86,1.7,overcast clouds
457,Kaseda,JP,31.4167,130.3167,87.03,65,64,11.27,broken clouds
458,Kumluca,TR,36.3703,30.2869,88.68,34,0,6.87,clear sky
459,Paita,PE,-5.0892,-81.1144,65.46,84,73,7.54,broken clouds
460,Morgan City,US,29.6994,-91.2068,78.8,100,1,0.0,clear sky
461,Maltahohe,NA,-24.8333,16.9833,52.43,49,21,1.86,few clouds
462,Staryy Krym,UA,45.0333,35.1,69.39,81,68,4.07,broken clouds
463,Ambilobe,MG,-13.2,49.05,69.91,77,95,2.51,overcast clouds
464,Pudozh,RU,61.8099,36.5345,53.94,85,100,12.1,light rain
465,Kanigoro,ID,-8.13,112.219,85.62,59,22,8.66,few clouds
466,Ribeira Grande,PT,38.5167,-28.7,72.01,88,2,4.79,clear sky
467,Havre-Saint-Pierre,CA,50.2334,-63.5986,55.76,88,1,11.5,clear sky
468,Talagang,PK,32.9297,72.4158,78.64,75,85,21.39,moderate rain
469,Kenora,CA,49.8167,-94.4337,77.97,53,40,5.75,smoke
470,Evensk,RU,61.95,159.2333,51.44,58,100,0.25,overcast clouds
471,Mutis,CO,6.2262,-77.4044,77.81,87,100,0.72,overcast clouds
472,Ballaghaderreen,IE,53.9,-8.5833,55.81,96,71,3.76,broken clouds
473,Yeppoon,AU,-23.1333,150.7333,71.38,33,45,7.27,scattered clouds
474,Aykhal,RU,66.0,111.5,73.13,38,72,16.11,broken clouds
475,Anzio,IT,41.4853,12.6179,76.32,89,6,5.73,clear sky
476,Show Low,US,34.2542,-110.0298,82.11,33,1,4.61,clear sky
477,Padang,ID,-0.9492,100.3543,83.05,74,42,3.0,light rain
478,Hualmay,PE,-11.0964,-77.6139,64.02,83,9,10.04,clear sky
479,Klyuchi,RU,52.2667,79.1667,74.82,42,31,5.95,scattered clouds
480,Manggar,ID,-2.8833,108.2667,85.42,68,66,12.97,broken clouds
481,Parabel,RU,58.6978,81.4825,62.58,76,92,1.3,overcast clouds
482,Bathsheba,BB,13.2167,-59.5167,81.21,78,20,8.05,few clouds
483,Mount Isa,AU,-20.7333,139.5,64.17,27,22,17.27,few clouds
484,Arak,IR,34.0917,49.6892,73.08,31,60,3.89,broken clouds
485,Constantine,DZ,36.365,6.6147,72.81,83,0,4.61,clear sky
486,Jieshi,CN,22.8134,115.8257,86.95,77,91,16.64,light rain
487,Trinidad,BO,-14.8333,-64.9,68.88,46,93,4.99,overcast clouds
488,Linares,CL,-35.85,-71.6,49.95,70,0,2.15,clear sky
489,Half Moon Bay,US,37.4636,-122.4286,76.91,86,20,1.99,few clouds
490,Odweyne,SO,9.4092,45.064,70.21,57,25,16.11,scattered clouds
491,Garowe,SO,8.4054,48.4845,75.7,63,8,28.03,clear sky
492,Belaya Gora,RU,68.5333,146.4167,62.28,28,11,11.7,few clouds
493,Itacarambi,BR,-15.1022,-44.0919,66.69,53,51,1.61,broken clouds
494,Usinsk,RU,65.9939,57.5281,62.94,77,96,10.31,overcast clouds
495,Fomboni,KM,-12.28,43.7425,75.34,71,0,8.86,clear sky
496,Mazagao,BR,-0.115,-51.2894,78.85,81,86,2.57,overcast clouds
497,Christchurch,NZ,-43.5333,172.6333,53.01,57,8,4.0,clear sky
498,Raga,SS,8.4596,25.678,66.52,98,100,4.0,overcast clouds
499,Omboue,GA,-1.5746,9.2618,75.16,85,70,7.23,broken clouds
500,Saint-Augustin,CA,51.226,-58.6502,58.46,89,83,15.12,broken clouds
501,Espanola,US,35.9911,-106.0806,68.74,52,61,1.21,broken clouds
502,Ende,ID,-8.8432,121.6623,85.82,58,92,4.29,overcast clouds
503,Mogocha,RU,53.7333,119.7667,63.07,92,100,4.41,light rain
504,Baghdad,IQ,33.3406,44.4009,89.51,35,0,4.61,clear sky
505,Smithville,US,39.3869,-94.5811,72.21,66,20,4.61,few clouds
506,Handan,CN,36.6006,114.4678,87.91,59,84,5.99,light rain
507,Kalabo,ZM,-14.97,22.6814,51.89,40,0,5.12,clear sky
508,Port Lincoln,AU,-34.7333,135.8667,58.89,64,16,16.08,few clouds
509,Havelock,US,34.8791,-76.9013,71.58,96,90,8.99,overcast clouds
510,Grand Gaube,MU,-20.0064,57.6608,68.4,74,5,1.99,clear sky
511,Longido,TZ,-2.7333,36.6833,57.47,92,62,4.32,broken clouds
512,Noumea,NC,-22.2763,166.4572,76.98,67,1,6.51,clear sky
513,Caravelas,BR,-17.7125,-39.2481,68.14,84,67,5.17,broken clouds
514,Bolshevik,BY,54.0065,27.5692,47.82,85,16,2.75,few clouds
515,Taitung,TW,22.7583,121.1444,84.47,79,75,8.05,broken clouds
516,Jawhar,SO,2.7809,45.5005,72.48,91,96,8.63,overcast clouds
517,Smithers,CA,54.7804,-127.1743,75.52,50,75,6.91,broken clouds
518,Kidal,ML,18.4411,1.4078,85.33,48,65,6.44,broken clouds
519,Disna,BY,55.568,28.1971,49.93,94,22,5.68,few clouds
520,Posse,BR,-14.0931,-46.3694,64.54,46,5,7.45,clear sky
521,Zaprudnya,RU,56.5667,37.4333,57.83,84,7,3.94,clear sky
522,Lampazos De Naranjo,MX,27.0167,-100.5167,83.77,56,87,1.52,moderate rain
523,Mareeba,AU,-17.0,145.4333,81.45,56,6,4.32,clear sky
524,Stornoway,GB,58.2093,-6.3865,57.16,94,40,10.36,light rain
525,Qingdao,CN,36.0986,120.3719,87.4,70,75,2.24,light rain
526,Inverell,AU,-29.7833,151.1167,52.11,60,63,10.0,broken clouds
527,Melnikovo,RU,56.5558,84.085,67.93,83,100,2.13,overcast clouds
528,Laje,BR,-10.1833,-40.9667,63.36,77,36,6.62,scattered clouds
529,Kirkwall,GB,58.9848,-2.9587,53.65,94,100,1.14,overcast clouds
530,Jardim,BR,-21.4803,-56.1381,59.81,31,89,2.98,overcast clouds
531,Zhigansk,RU,66.7697,123.3711,71.87,36,0,11.79,clear sky
532,Mecca,SA,21.4267,39.8261,85.05,48,64,1.97,broken clouds
533,Sun Valley,US,39.5963,-119.776,93.76,12,20,1.99,few clouds
534,Salinopolis,BR,-0.6136,-47.3561,78.37,80,53,4.43,broken clouds
535,Marienburg,PL,54.0359,19.0266,54.88,91,100,0.74,overcast clouds
536,Hami,CN,42.8,93.45,88.83,13,60,2.51,broken clouds
537,Baykit,RU,61.67,96.37,76.1,52,92,4.43,overcast clouds
538,Khromtau,KZ,50.2503,58.4347,81.75,28,28,9.33,scattered clouds
539,Marathon,US,44.9,-89.7668,69.8,85,40,4.61,haze
540,Linqiong,CN,30.4159,103.4609,91.22,64,47,4.16,scattered clouds
541,Bubaque,GW,11.2833,-15.8333,79.38,83,100,7.56,moderate rain
542,Beringovskiy,RU,63.05,179.3167,49.42,74,63,14.41,broken clouds
543,Fenoarivo Atsinanana,MG,-17.3667,49.4167,65.05,92,69,5.77,light rain
544,Nekhayevskiy,RU,50.4106,41.7561,67.21,90,42,4.99,scattered clouds
545,Milkovo,RU,54.7167,158.6167,60.31,40,75,5.57,broken clouds
546,Iwanai,JP,42.9744,140.5089,80.02,84,100,5.88,overcast clouds
547,Rodrigues Alves,BR,-7.738,-72.6509,69.35,59,2,1.25,clear sky
548,Tiznit,MA,29.5833,-9.5,63.81,84,55,1.3,broken clouds
549,Liverpool,GB,53.4106,-2.9779,57.97,80,97,2.3,overcast clouds
550,Abha,SA,18.2164,42.5053,64.22,82,0,0.0,clear sky
551,Sao Filipe,CV,14.8961,-24.4956,76.17,92,100,7.38,overcast clouds
552,Williams Lake,CA,52.1415,-122.1445,89.17,15,75,6.91,broken clouds
553,Kousseri,CM,12.0769,15.0306,80.56,83,0,6.91,clear sky
554,Lypova Dolyna,UA,50.5643,33.7979,59.7,72,0,5.77,clear sky
555,Pamanukan,ID,-6.2842,107.8106,87.75,55,14,3.89,few clouds
556,Kalmunai,LK,7.4167,81.8167,84.65,61,97,3.85,overcast clouds
557,Labuan,MY,5.2767,115.2417,89.76,70,20,5.01,few clouds
558,Vilhena,BR,-12.7406,-60.1458,68.18,46,73,2.24,broken clouds
559,Xam Nua,LA,20.4197,104.0439,84.65,53,19,2.62,few clouds
560,Warwick,US,41.7001,-71.4162,69.3,90,1,5.75,clear sky
561,Morondava,MG,-20.2833,44.2833,66.27,62,0,10.2,clear sky
562,Guerrero Negro,MX,27.9769,-114.0611,74.03,76,4,14.07,clear sky
563,Husyatyn,UA,49.0726,26.2141,61.79,89,44,4.54,scattered clouds
564,Bouloupari,NC,-21.8667,166.05,76.91,54,2,4.0,clear sky
565,Jacareacanga,BR,-6.2222,-57.7528,76.28,48,49,0.58,scattered clouds
566,Tessalit,ML,20.1986,1.0114,86.09,44,9,9.95,clear sky
567,Port Blair,IN,11.6667,92.75,82.44,83,75,11.5,mist
568,Flin Flon,CA,54.7682,-101.865,71.08,61,100,9.73,overcast clouds
569,Khandyga,RU,62.6667,135.6,77.34,35,0,3.22,clear sky
570,Avera,US,33.194,-82.5271,75.25,78,35,5.64,scattered clouds
571,Tuatapere,NZ,-46.1333,167.6833,46.81,61,100,2.77,overcast clouds
572,Yamada,JP,39.4667,141.95,85.77,72,95,4.07,overcast clouds
573,Yinchuan,CN,38.4681,106.2731,86.59,20,97,6.49,overcast clouds
574,Sayyan,YE,15.1718,44.3244,61.32,74,11,5.03,few clouds
575,Banda Aceh,ID,5.5577,95.3222,85.32,63,100,13.51,overcast clouds
576,Champagnole,FR,46.7445,5.9135,57.58,92,100,2.86,overcast clouds
577,Moron,AR,-34.6534,-58.6198,54.99,94,7,2.68,clear sky
578,Loding,NO,67.3,14.75,49.91,94,75,8.99,broken clouds
579,Calvinia,ZA,-31.4707,19.776,52.45,43,59,2.35,broken clouds
580,Lorengau,PG,-2.0226,147.2712,83.86,75,27,6.71,scattered clouds
581,Pervomayskiy,RU,53.2485,40.2871,57.13,72,99,6.44,overcast clouds
582,Nabire,ID,-3.3667,135.4833,78.01,88,98,0.92,overcast clouds
583,La Mana,EC,-0.9333,-79.2167,77.9,84,99,3.15,overcast clouds
584,Iskateley,RU,67.6803,53.1512,66.02,77,90,14.5,overcast clouds
585,Basco,PH,20.4487,121.9702,82.83,86,100,31.21,moderate rain
586,Mulki,IN,13.1,74.8,78.08,88,75,0.0,mist
587,Fondi,IT,41.3541,13.4313,75.96,70,49,4.52,scattered clouds
588,Yen Bai,VN,21.7,104.8667,92.46,57,14,2.53,few clouds
589,Alice Springs,AU,-23.7,133.8833,56.75,38,0,16.11,clear sky
590,Cervo,ES,43.6702,-7.4101,68.2,93,100,8.3,overcast clouds
591,Tura,IN,25.5198,90.2201,79.47,85,100,4.16,overcast clouds
592,Port Augusta,AU,-32.5,137.7667,59.14,50,28,10.65,scattered clouds
593,Bestobe,KZ,52.4994,73.0975,69.78,67,7,12.06,clear sky
594,Karratha,AU,-20.7377,116.8463,73.92,22,9,24.81,clear sky
595,Auki,SB,-8.7676,160.7034,81.41,78,51,5.97,broken clouds
596,Dunedin,NZ,-45.8742,170.5036,49.8,44,78,14.0,broken clouds
597,Saint-Michel-Des-Saints,CA,46.6834,-73.9159,62.94,98,30,2.91,scattered clouds
598,Champerico,GT,14.3,-91.9167,81.36,85,100,8.88,overcast clouds
599,Anadyr,RU,64.75,177.4833,50.5,81,75,20.0,broken clouds
600,Umm Lajj,SA,25.0213,37.2685,91.51,49,57,7.4,broken clouds
601,Camana,PE,-16.6228,-72.7111,64.49,78,92,7.56,overcast clouds
602,Dwarka,IN,22.2394,68.9678,81.97,81,100,21.9,overcast clouds
603,Asosa,ET,10.0667,34.5333,61.38,86,100,3.6,overcast clouds
604,Vrangel,RU,42.7297,133.0839,75.47,92,57,8.79,broken clouds
605,West Bay,KY,19.3667,-81.4167,84.0,85,20,1.01,few clouds
606,Sergeyevka,KZ,53.88,67.4158,70.92,64,2,5.95,clear sky
607,Arona,ES,28.0996,-16.681,65.32,74,20,11.5,few clouds
608,Kahului,US,20.8947,-156.47,82.42,69,40,31.07,scattered clouds
609,Neuquen,AR,-38.9516,-68.0591,51.69,66,0,5.75,clear sky
610,Santa Barbara,US,34.7333,-120.0343,70.45,68,0,3.91,clear sky
611,Cururupu,BR,-1.8283,-44.8683,72.09,85,34,1.19,scattered clouds
612,Cabedelo,BR,-6.9811,-34.8339,74.07,87,21,12.21,few clouds
613,Ciudad Bolivar,VE,8.1222,-63.5497,74.93,88,100,4.92,overcast clouds
614,Varsag,RO,46.5167,25.35,51.06,79,37,4.0,scattered clouds
615,Knysna,ZA,-34.0363,23.0471,52.18,83,1,4.79,clear sky
616,Tucuman,AR,-26.8241,-65.2226,51.8,71,6,12.66,smoke
617,Hakodate,JP,41.7758,140.7367,79.11,89,75,2.3,light rain
618,Tunceli,TR,39.1083,39.5471,76.06,50,2,6.24,clear sky
619,Redlands,US,34.0556,-117.1825,101.66,28,1,1.99,clear sky
620,Olmos,PE,-5.9847,-79.7453,60.91,80,36,2.57,scattered clouds
621,Paka,MY,4.6374,103.4368,82.33,83,20,1.14,few clouds
622,Keuruu,FI,62.2667,24.7,48.38,84,6,5.91,clear sky
623,Sibolga,ID,1.7427,98.7792,84.16,67,98,2.64,overcast clouds
624,Sulangan,PH,11.1373,123.7228,85.12,70,93,14.76,overcast clouds
625,Sayville,US,40.7359,-73.0821,71.78,86,90,0.0,overcast clouds
626,Tazmalt,DZ,36.3868,4.3989,73.33,92,48,2.53,scattered clouds
627,Balkhash,KZ,46.844,74.9804,77.61,29,0,22.37,clear sky
628,Senanga,ZM,-16.1167,23.2667,50.49,45,0,3.36,clear sky
629,Waipawa,NZ,-41.4122,175.5153,49.3,63,3,9.8,clear sky
630,Virginia Beach,US,36.8529,-75.978,73.45,86,40,5.75,light rain
631,Misrikh,IN,27.45,80.5167,83.79,71,17,9.08,few clouds
632,Agirish,RU,61.9247,63.0231,68.22,59,80,5.01,broken clouds
633,Eureka,US,40.8021,-124.1637,58.19,88,98,1.01,overcast clouds
634,Taft,IR,31.7471,54.2088,76.95,18,40,4.61,scattered clouds
635,Loganville,US,33.839,-83.9007,72.68,94,90,3.44,overcast clouds
636,Urengoy,RU,65.9667,78.3667,64.98,76,89,7.29,overcast clouds
637,Ponca City,US,36.707,-97.0856,75.69,60,1,8.52,clear sky
638,Narasannapeta,IN,18.4167,84.05,87.89,59,93,6.64,overcast clouds
639,Xuddur,SO,4.1213,43.8894,69.48,83,98,16.31,overcast clouds
640,Hounde,BF,11.5,-3.5167,71.46,82,75,4.34,light rain
641,Port Antonio,JM,18.18,-76.4612,82.31,84,39,7.9,scattered clouds
642,Itacare,BR,-14.2775,-38.9967,68.32,87,52,8.48,broken clouds
643,Angoche,MZ,-16.2325,39.9086,66.34,88,7,7.2,clear sky
644,Manavalakurichi,IN,8.1333,77.3,82.49,74,97,15.52,overcast clouds
645,Gold Coast,AU,-28.0,153.4333,71.2,38,0,1.99,clear sky
646,Finnsnes,NO,69.2296,17.9811,47.01,89,100,3.58,overcast clouds
647,Bayan,CN,46.0833,127.4,69.42,85,100,5.17,overcast clouds
648,Luanda,AO,-8.8368,13.2343,68.77,91,20,6.67,few clouds
649,Kawhia,NZ,-38.0651,174.8183,59.38,62,65,7.02,broken clouds
650,Orcopampa,PE,-15.2661,-72.3417,42.4,72,100,2.68,overcast clouds
651,Mathbaria,BD,22.2876,89.9593,83.64,79,100,8.03,overcast clouds
652,Maloy,NO,61.9353,5.1136,52.05,84,100,7.11,overcast clouds
653,Sabha,LY,27.0377,14.4283,85.24,22,0,11.39,clear sky
654,Mogadishu,SO,2.0371,45.3438,75.92,87,98,14.47,light rain
655,Biltine,TD,14.5333,20.9167,75.61,75,100,11.52,overcast clouds
656,Haimen,CN,23.1935,116.6142,87.69,79,100,10.87,moderate rain
657,Roma,US,43.2128,-75.4557,65.43,83,1,3.44,clear sky
658,Ambulu,ID,-8.345,113.6058,83.84,68,38,6.71,scattered clouds
659,Bilibino,RU,68.0546,166.4372,37.27,98,100,6.04,overcast clouds
660,Asau,RO,46.4333,26.4,60.4,96,13,2.89,few clouds
661,Zainsk,RU,55.3195,52.0694,70.79,64,99,5.41,overcast clouds
662,Holland,US,42.7875,-86.1089,68.79,65,1,0.0,clear sky
663,Teguldet,RU,57.3064,88.1667,70.21,68,60,3.78,broken clouds
664,Mimongo,GA,-1.6195,11.6068,68.14,96,55,2.89,broken clouds
665,Margate,GB,51.3813,1.3862,55.31,74,1,3.78,clear sky
666,Kabalo,CD,-6.05,26.9167,72.63,42,0,3.44,clear sky
667,Gorontalo,ID,0.5412,123.0595,89.01,59,66,7.25,broken clouds
668,Duverge,DO,18.3784,-71.5247,76.51,92,100,0.4,overcast clouds
669,Sinegorye,RU,62.0788,150.477,52.27,43,100,16.46,overcast clouds
670,Terrace Bay,CA,48.7834,-87.1,62.22,89,33,1.63,scattered clouds
671,Thunder Bay,CA,48.4001,-89.3168,68.29,80,75,4.61,smoke
672,Graulhet,FR,43.7669,1.9894,65.82,96,100,0.94,light rain
673,Dudinka,RU,69.4058,86.1778,70.65,58,1,9.57,clear sky
674,Koslan,RU,63.4564,48.8989,59.2,92,95,4.29,overcast clouds
675,Sherlovaya Gora,RU,50.5667,116.25,69.22,59,100,2.53,light rain
676,Polyarnyy,RU,69.1989,33.4478,48.67,98,100,15.9,overcast clouds
677,Hurricane,US,37.1753,-113.2899,100.87,24,0,10.04,clear sky
678,Sydney,AU,-33.8679,151.2073,61.56,39,0,1.99,clear sky
679,Salta,AR,-24.7859,-65.4117,55.99,53,0,1.99,clear sky
680,Zwedru,LR,6.0667,-8.1281,68.72,97,44,2.95,scattered clouds
681,Baker City,US,44.7749,-117.8344,85.71,28,40,24.16,light rain
682,Qitaihe,CN,45.8,130.85,87.12,42,64,8.16,broken clouds
683,Ukiah,US,39.1502,-123.2078,96.69,11,1,9.22,clear sky
684,Tobermory,CA,45.2501,-81.6665,62.31,82,14,9.64,few clouds
685,Tual,ID,-5.6667,132.75,80.76,73,97,18.59,overcast clouds
686,Flinders,AU,-34.5833,150.8552,60.06,50,18,15.01,few clouds
